0,1,2,3,4,5,6,7,8,9,10,11,12,13,14,15,16,17,18,19,20,21,22,23,24,25,26,27,28,29,30,31,32,33,34,35,36,37,38,39
0.48244305182532576,1.0,1.0,0.03766319439117562,1.0,1.0,1.0,1.0,1.0,1.0,1.0,1.0,1.0,1.0,1.0,0.7307692307692307,0.1111111111111111,1.0,1.0,0.0,0.631578947368421,0.2972972972972973,0.36338797814207646,0.375,0.5,0.5294117647058824,0.0,0.19130434782608693,0.5882352941176471,0.5408560311284045,0.6370656370656371,0.0,0.0,0.8064516129032258,0.2333333333333333,0.1875,0.6666666666666666,0.5385996409335728,1.0,0.0
0.4821943698398488,2.0,2.0,0.3705413988309835,1.0,1.0,1.0,1.0,1.0,1.0,2.0,1.0,1.0,1.0,2.0,0.5,0.8888888888888888,2.0,1.0,0.0,0.7789473684210526,0.13513513513513514,0.726775956284153,0.5,0.5,0.5294117647058824,0.25,0.18840579710144928,0.5588235294117647,0.49805447470817105,0.6872586872586872,0.0,0.0,0.9032258064516128,0.3,0.375,0.6666666666666666,0.4980251346499105,1.0,0.0
0.4821943698398488,3.0,3.0,0.24532470122577973,1.0,1.0,1.0,1.0,1.0,1.0,1.0,1.0,1.0,1.0,2.0,0.5384615384615384,0.8888888888888888,2.0,1.0,0.0,0.5684210526315789,0.13513513513513514,0.36338797814207646,0.5,0.391304347826087,0.11764705882352941,0.25,0.16231884057971013,0.3335294117647059,0.5680933852140078,0.6486486486486486,0.0,0.0,0.8064516129032258,0.43333333333333335,0.375,0.6666666666666666,0.6484739676840218,1.0,0.0
0.4825425246195166,4.0,4.0,0.21942837856496325,2.0,1.0,1.0,1.0,1.0,1.0,2.0,1.0,1.0,1.0,2.0,0.5384615384615384,0.1111111111111111,1.0,1.0,0.0,0.5263157894736842,0.2972972972972973,0.36338797814207646,0.625,0.5,0.5294117647058824,0.25,0.0,0.7058823529411765,0.6420233463035019,0.7915057915057916,0.4166666666666667,0.0,0.7419354838709676,0.19999999999999998,0.21875,0.6666666666666666,0.598563734290844,1.0,0.0
0.4821943698398488,5.0,3.0,0.2299832778485188,1.0,1.0,1.0,1.0,1.0,1.0,1.0,1.0,1.0,1.0,2.0,0.5384615384615384,0.1111111111111111,2.0,1.0,0.0,0.5263157894736842,0.13513513513513514,0.273224043715847,0.6000000000000001,0.41304347826086957,0.23529411764705882,0.2,0.24927536231884057,0.3335294117647059,0.49805447470817105,0.6023166023166024,0.4166666666666667,0.0,0.8064516129032258,0.26666666666666666,0.375,0.6666666666666666,0.4980251346499105,1.0,0.0
0.4825425246195166,6.0,5.0,0.19488210116134574,2.0,1.0,1.0,1.0,1.0,2.0,2.0,1.0,1.0,1.0,1.0,0.9615384615384616,0.1111111111111111,1.0,2.0,1.0,0.5263157894736842,0.2972972972972973,0.36338797814207646,0.5625,0.391304347826087,0.5294117647058824,0.25,0.0,1.0,0.8365758754863812,0.5984555984555985,0.5,0.0,0.8064516129032258,0.19999999999999998,0.0625,0.6666666666666666,0.598563734290844,1.0,0.0
0.4825425246195166,7.0,5.0,0.19488210116134574,2.0,1.0,1.0,1.0,1.0,2.0,2.0,1.0,1.0,1.0,1.0,0.9615384615384616,0.8888888888888888,1.0,3.0,1.0,0.5263157894736842,0.2972972972972973,0.09016393442622951,0.5625,0.391304347826087,0.5294117647058824,0.2,0.0,1.0,0.8365758754863812,0.5984555984555985,0.5,0.0,0.8064516129032258,0.3666666666666667,0.0625,0.6666666666666666,0.598563734290844,1.0,0.0
0.48269173381080277,8.0,6.0,0.21404353895954467,1.0,1.0,1.0,1.0,1.0,1.0,1.0,1.0,1.0,1.0,2.0,0.5,0.1111111111111111,2.0,1.0,1.0,0.8421052631578947,0.21621621621621623,0.45355191256830607,0.5,0.391304347826087,0.7647058823529411,0.3,0.6579710144927536,0.5,0.17509727626459143,0.3783783783783784,0.0,0.0,0.9677419354838709,0.3333333333333333,0.3125,0.6666666666666666,0.5982046678635548,1.0,0.0
0.48269173381080277,9.0,6.0,0.21404353895954467,1.0,1.0,1.0,1.0,1.0,1.0,1.0,1.0,1.0,1.0,2.0,0.5,0.8888888888888888,2.0,1.0,0.0,0.8421052631578947,0.21621621621621623,0.09016393442622951,0.5,0.2391304347826087,0.5294117647058824,0.25,0.4492753623188406,0.5,0.29182879377431903,0.5366795366795366,0.0,0.0,0.9677419354838709,0.3333333333333333,0.3125,0.6666666666666666,0.5960502692998204,1.0,0.0
0.4828409430020889,10.0,7.0,0.19162971940536644,1.0,1.0,1.0,1.0,1.0,1.0,1.0,1.0,1.0,1.0,1.0,0.7307692307692307,0.1111111111111111,1.0,1.0,1.0,0.5263157894736842,0.21621621621621623,0.273224043715847,0.5,0.391304347826087,0.7647058823529411,0.0,0.4579710144927536,0.4117647058823529,0.33073929961089493,0.4903474903474905,0.0,0.0,0.8064516129032258,0.3333333333333333,0.3125,0.6666666666666666,0.47468581687612216,1.0,0.0
0.4834377797672337,11.0,8.0,0.23036681343295032,2.0,1.0,1.0,1.0,1.0,2.0,2.0,1.0,1.0,2.0,3.0,0.4230769230769231,0.4444444444444444,2.0,2.0,1.0,0.10526315789473684,0.2702702702702703,0.09016393442622951,0.25,0.17391304347826086,0.5294117647058824,0.25,0.0,0.4117647058823529,0.8365758754863812,0.5984555984555985,0.0,0.0,0.8064516129032258,0.26666666666666666,0.15625,0.6666666666666666,0.35906642728904853,1.0,0.0
0.4834377797672337,12.0,8.0,0.23036681343295032,2.0,1.0,1.0,1.0,1.0,2.0,2.0,1.0,1.0,2.0,3.0,0.4230769230769231,0.0,2.0,2.0,1.0,0.10526315789473684,0.2702702702702703,0.09016393442622951,0.4375,0.17391304347826086,0.5294117647058824,0.25,0.1710144927536232,0.4117647058823529,0.6926070038910503,0.5135135135135135,0.0,0.0,0.8064516129032258,0.6,0.15625,0.6666666666666666,0.35906642728904853,1.0,0.0
0.4831393613846613,13.0,9.0,0.19135357378457574,1.0,1.0,1.0,1.0,1.0,1.0,1.0,1.0,1.0,1.0,3.0,0.4230769230769231,0.4444444444444444,2.0,2.0,0.0,0.7368421052631579,0.08108108108108109,0.273224043715847,0.5499999999999998,0.15217391304347827,0.5294117647058824,0.25,0.3188405797101449,0.29411764705882354,0.5408560311284045,0.46718146718146725,0.0,0.0,0.8064516129032258,0.3333333333333333,0.125,0.6666666666666666,0.47468581687612216,1.0,0.0
0.4831393613846613,14.0,9.0,0.19135357378457574,1.0,1.0,1.0,1.0,1.0,1.0,1.0,1.0,1.0,1.0,3.0,0.4230769230769231,0.0,2.0,2.0,1.0,0.7368421052631579,0.08108108108108109,0.45355191256830607,0.5625,0.1956521739130435,0.5294117647058824,0.25,0.19420289855072465,0.29411764705882354,0.5914396887159533,0.5830115830115831,0.0,0.0,0.3548387096774194,0.4666666666666666,0.125,0.6666666666666666,0.47468581687612216,1.0,0.0
0.48348751616432906,15.0,10.0,0.22280349170796065,2.0,1.0,1.0,1.0,1.0,2.0,2.0,1.0,2.0,2.0,1.0,0.8461538461538461,0.1111111111111111,1.0,2.0,1.0,0.5263157894736842,0.2702702702702703,0.18032786885245902,0.5,0.2826086956521739,0.5882352941176471,0.25,0.0,0.8823529411764706,0.6926070038910503,0.7413127413127415,0.0,0.0,0.5483870967741935,0.3333333333333333,0.0625,0.6666666666666666,0.6247755834829447,1.0,0.0
0.48348751616432906,16.0,10.0,0.19488210116134574,2.0,1.0,1.0,1.0,1.0,2.0,2.0,1.0,2.0,1.0,1.0,0.8461538461538461,0.8888888888888888,1.0,2.0,1.0,0.3157894736842105,0.2702702702702703,0.09016393442622951,0.375,0.41304347826086957,0.5882352941176471,0.25,0.0,0.8823529411764706,0.8365758754863812,0.5984555984555985,0.0,0.0,0.3225806451612903,0.3333333333333333,0.0625,0.6666666666666666,0.6247755834829447,1.0,0.0
0.4828409430020889,17.0,11.0,0.2192596229078134,2.0,1.0,1.0,1.0,1.0,2.0,2.0,1.0,1.0,1.0,1.0,0.8461538461538461,0.1111111111111111,1.0,2.0,1.0,0.10526315789473684,0.21621621621621623,0.09016393442622951,0.5375000000000001,0.2826086956521739,0.5882352941176471,0.125,0.034782608695652174,0.7647058823529411,0.6653696498054474,0.7220077220077221,0.3333333333333333,0.0,0.6451612903225806,0.3333333333333333,0.0625,0.6666666666666666,0.24685816876122088,1.0,0.0
0.48348751616432906,18.0,4.0,0.21944371998834053,2.0,1.0,1.0,1.0,1.0,1.0,2.0,1.0,1.0,1.0,1.0,0.9615384615384616,0.8888888888888888,1.0,4.0,1.0,0.5263157894736842,0.2702702702702703,0.36338797814207646,0.375,0.41304347826086957,0.7647058823529411,0.25,0.2318840579710145,0.7352941176470589,0.6420233463035019,0.48262548262548266,0.0,0.0,0.8064516129032258,0.3333333333333333,0.21875,0.6666666666666666,0.6247755834829447,1.0,0.0
0.48348751616432906,19.0,4.0,0.21944371998834053,2.0,1.0,1.0,1.0,1.0,1.0,2.0,1.0,1.0,1.0,1.0,0.9615384615384616,0.1111111111111111,1.0,4.0,1.0,0.5263157894736842,0.2702702702702703,0.36338797814207646,0.3999999999999999,0.32608695652173914,0.7647058823529411,0.125,0.1710144927536232,0.7352941176470589,0.6926070038910503,0.5135135135135135,0.0,0.0,0.8064516129032258,0.3333333333333333,0.21875,0.6666666666666666,0.6247755834829447,1.0,0.0
0.48726748234357903,20.0,4.0,0.21944371998834053,2.0,1.0,1.0,1.0,1.0,1.0,2.0,1.0,1.0,1.0,2.0,0.5,0.1111111111111111,1.0,1.0,1.0,0.2631578947368421,0.24324324324324326,0.09016393442622951,0.5,0.717391304347826,0.5294117647058824,0.2,0.5797101449275363,0.6764705882352942,0.15564202334630348,0.5019305019305019,0.0,0.0,0.7741935483870968,0.26666666666666666,0.21875,0.6666666666666666,0.6247755834829447,1.0,0.0
0.48726748234357903,21.0,4.0,0.21944371998834053,2.0,1.0,1.0,1.0,1.0,1.0,2.0,1.0,1.0,1.0,2.0,0.5,0.8888888888888888,1.0,1.0,1.0,0.2631578947368421,0.24324324324324326,0.09016393442622951,0.5625,0.7391304347826086,0.5294117647058824,0.25,0.6289855072463768,0.6764705882352942,0.09727626459143968,0.4942084942084941,0.0,0.0,0.8709677419354839,0.26666666666666666,0.21875,0.6666666666666666,0.6247755834829447,1.0,0.0
0.48726748234357903,22.0,1.0,0.03772456008468466,1.0,1.0,1.0,1.0,1.0,1.0,1.0,1.0,1.0,1.0,1.0,0.7307692307692307,0.1111111111111111,1.0,1.0,1.0,0.42105263157894735,0.24324324324324326,0.273224043715847,0.26249999999999996,0.45652173913043476,0.4117647058823529,0.05,0.22028985507246376,0.3588235294117647,0.517509727626459,0.6177606177606177,0.0,0.0,0.8064516129032258,0.2333333333333333,0.1875,0.6666666666666666,0.8718132854578099,1.0,0.0
0.48726748234357903,23.0,1.0,0.03772456008468466,1.0,1.0,1.0,1.0,1.0,1.0,1.0,1.0,1.0,1.0,1.0,0.7307692307692307,0.6666666666666666,1.0,1.0,0.0,0.3157894736842105,0.24324324324324326,0.09016393442622951,0.25,0.2608695652173913,0.4117647058823529,0.0,0.2463768115942029,0.3588235294117647,0.4747081712062257,0.6293436293436293,0.16666666666666666,0.0,0.8064516129032258,0.3,0.1875,0.6666666666666666,0.7181328545780971,1.0,0.0
0.487516164329056,24.0,12.0,0.0681466026417931,2.0,1.0,1.0,1.0,1.0,2.0,2.0,1.0,1.0,1.0,3.0,0.4230769230769231,0.0,2.0,1.0,1.0,0.10526315789473684,0.1891891891891892,0.09016393442622951,0.42500000000000004,0.15217391304347827,0.6470588235294118,0.25,0.0,0.3088235294117647,0.8560311284046692,0.5791505791505792,0.0,0.0,0.3225806451612903,0.43333333333333335,0.1875,0.6666666666666666,0.6247755834829447,1.0,0.0
0.48264199741370734,25.0,13.0,0.18848472761302792,1.0,1.0,1.0,1.0,1.0,1.0,1.0,1.0,1.0,1.0,2.0,0.5384615384615384,0.1111111111111111,1.0,1.0,1.0,0.3157894736842105,0.21621621621621623,0.273224043715847,0.5,0.8478260869565217,0.7647058823529411,0.2,0.0,0.35294117647058826,0.6926070038910503,0.7413127413127415,0.16666666666666666,0.0,0.9677419354838709,0.26666666666666666,0.375,0.6666666666666666,0.47109515260323187,1.0,0.0
0.4876156371232468,26.0,13.0,0.18848472761302792,1.0,1.0,1.0,1.0,1.0,1.0,1.0,1.0,1.0,1.0,2.0,0.5384615384615384,0.8888888888888888,1.0,1.0,1.0,0.15789473684210525,0.21621621621621623,0.09016393442622951,0.375,0.5434782608695652,0.7647058823529411,0.275,0.22028985507246376,0.35294117647058826,0.517509727626459,0.6177606177606177,0.3333333333333333,0.0,0.8064516129032258,0.3333333333333333,0.375,0.6666666666666666,0.47109515260323187,1.0,0.0
0.4875659007261514,27.0,14.0,0.22737523587438443,2.0,1.0,1.0,1.0,1.0,1.0,2.0,1.0,1.0,1.0,2.0,0.5,0.8888888888888888,2.0,1.0,1.0,0.2631578947368421,0.24324324324324326,0.36338797814207646,0.375,0.6086956521739131,0.5294117647058824,0.35,0.0,0.29411764705882354,0.8365758754863812,0.5984555984555985,0.0,0.0,0.9032258064516128,0.3333333333333333,0.0,0.6666666666666666,0.47109515260323187,1.0,0.0
0.4875659007261514,28.0,14.0,0.22737523587438443,2.0,1.0,1.0,1.0,1.0,1.0,2.0,1.0,1.0,1.0,2.0,0.5,0.1111111111111111,2.0,1.0,0.0,0.21052631578947367,0.24324324324324326,0.36338797814207646,0.5,0.5,0.7647058823529411,0.3,0.2028985507246377,0.29411764705882354,0.6653696498054474,0.498069498069498,0.0,0.0,0.9677419354838709,0.3333333333333333,0.0,0.6666666666666666,0.47109515260323187,1.0,0.0
0.487516164329056,24.0,12.0,0.0681466026417931,2.0,1.0,1.0,1.0,1.0,2.0,2.0,1.0,1.0,1.0,3.0,0.4230769230769231,0.0,2.0,1.0,1.0,0.10526315789473684,0.1891891891891892,0.09016393442622951,0.42500000000000004,0.15217391304347827,0.6470588235294118,0.25,0.0,0.3088235294117647,0.8054474708171206,0.6293436293436293,0.0,0.0,0.3225806451612903,0.43333333333333335,0.1875,0.6666666666666666,0.6247755834829447,1.0,0.0
0.48766537352034217,29.0,5.0,0.19489744258472302,2.0,1.0,1.0,1.0,1.0,2.0,2.0,1.0,1.0,1.0,1.0,0.8461538461538461,0.8888888888888888,1.0,2.0,0.0,0.5263157894736842,0.21621621621621623,0.09016393442622951,0.5,0.5434782608695652,0.6470588235294118,0.25,0.0,0.8058823529411765,0.5680933852140078,0.8648648648648649,1.0,0.0,0.6451612903225806,0.3333333333333333,0.0625,0.6666666666666666,0.47468581687612216,1.0,0.0
0.48766537352034217,30.0,5.0,0.19489744258472302,2.0,1.0,1.0,1.0,1.0,2.0,2.0,1.0,1.0,1.0,1.0,0.8461538461538461,0.1111111111111111,1.0,2.0,0.0,0.5263157894736842,0.21621621621621623,0.36338797814207646,0.5375000000000001,0.5,0.5882352941176471,0.25,0.0,0.8058823529411765,0.5680933852140078,0.8648648648648649,1.0,0.0,0.48387096774193544,0.5,0.0625,0.6666666666666666,0.47468581687612216,1.0,0.0
0.48766537352034217,31.0,15.0,0.19554178236656797,2.0,1.0,1.0,1.0,1.0,1.0,2.0,1.0,1.0,1.0,1.0,0.9615384615384616,0.1111111111111111,1.0,1.0,1.0,0.7368421052631579,0.21621621621621623,0.273224043715847,0.4750000000000001,0.0,0.5294117647058824,0.1,0.034782608695652174,0.3411764705882353,0.6653696498054474,0.7220077220077221,0.0,0.0,0.4516129032258064,0.5666666666666667,0.15625,0.6666666666666666,0.47109515260323187,1.0,0.0
0.48766537352034217,32.0,15.0,0.19554178236656797,2.0,1.0,1.0,1.0,1.0,1.0,2.0,1.0,1.0,1.0,1.0,0.9615384615384616,0.8888888888888888,1.0,1.0,1.0,0.5789473684210527,0.21621621621621623,0.18032786885245902,0.5750000000000002,0.021739130434782608,0.5294117647058824,0.0,0.2289855072463768,0.3411764705882353,0.5914396887159533,0.5405405405405406,0.0,0.0,0.5483870967741935,0.2333333333333333,0.15625,0.6666666666666666,0.47109515260323187,1.0,0.0
0.4876156371232468,30.0,5.0,0.19489744258472302,2.0,1.0,1.0,1.0,1.0,2.0,2.0,1.0,1.0,1.0,1.0,0.8461538461538461,0.1111111111111111,1.0,1.0,0.0,0.5263157894736842,0.21621621621621623,0.36338797814207646,0.625,0.6521739130434783,0.5882352941176471,0.375,0.0,0.8235294117647058,0.6926070038910503,0.7413127413127415,0.0,0.0,0.41935483870967744,0.2333333333333333,0.0625,0.6666666666666666,0.47468581687612216,1.0,0.0
0.4877151099174376,33.0,16.0,0.22080910666891673,2.0,1.0,1.0,1.0,1.0,2.0,2.0,1.0,1.0,1.0,1.0,0.7307692307692307,0.1111111111111111,1.0,2.0,1.0,0.0,0.08108108108108109,0.09016393442622951,0.125,0.391304347826087,0.4117647058823529,0.125,0.0,0.4117647058823529,0.6420233463035019,0.7915057915057916,0.0,0.0,0.8064516129032258,0.2833333333333333,0.0625,0.6666666666666666,0.47109515260323187,1.0,0.0
0.4877151099174376,34.0,16.0,0.22080910666891673,2.0,1.0,1.0,1.0,1.0,2.0,2.0,1.0,1.0,1.0,1.0,0.7307692307692307,0.6666666666666666,1.0,2.0,1.0,0.0,0.08108108108108109,0.18032786885245902,0.25,0.2826086956521739,0.4117647058823529,0.125,0.0,0.4117647058823529,0.6926070038910503,0.7413127413127415,0.4166666666666667,0.0,0.5483870967741935,0.3,0.0625,0.6666666666666666,0.47109515260323187,1.0,0.0
0.48801352830000994,35.0,4.0,0.21947440283509503,2.0,1.0,1.0,1.0,1.0,1.0,1.0,1.0,1.0,1.0,2.0,0.5384615384615384,0.8888888888888888,1.0,4.0,1.0,0.3157894736842105,0.2972972972972973,0.45355191256830607,0.48750000000000004,0.45652173913043476,0.29411764705882354,0.35,0.06956521739130435,0.6470588235294118,0.7782101167315174,0.5637065637065638,0.0,0.0,0.7741935483870968,0.43333333333333335,0.21875,0.6666666666666666,0.47468581687612216,1.0,0.0
0.48796379190291456,36.0,17.0,0.1967077305432398,2.0,1.0,2.0,1.0,1.0,2.0,2.0,1.0,1.0,2.0,1.0,0.8461538461538461,0.1111111111111111,1.0,2.0,0.0,0.3157894736842105,0.2972972972972973,0.09016393442622951,0.375,0.2391304347826087,0.5294117647058824,0.2,0.0,0.47058823529411764,0.6926070038910503,0.7413127413127415,0.0,0.0,0.3225806451612903,0.3333333333333333,0.15625,0.6666666666666666,0.47468581687612216,1.0,0.0
0.48796379190291456,37.0,17.0,0.1967077305432398,2.0,1.0,2.0,1.0,1.0,2.0,2.0,1.0,1.0,2.0,1.0,0.8461538461538461,0.8888888888888888,1.0,2.0,1.0,0.3157894736842105,0.2972972972972973,0.273224043715847,0.5625,0.2391304347826087,0.6470588235294118,0.125,0.0,0.47058823529411764,0.6926070038910503,0.7413127413127415,0.0,0.0,0.3225806451612903,0.3333333333333333,0.15625,0.6666666666666666,0.4712746858168762,1.0,0.0
0.487764846314533,38.0,18.0,0.19580258656398142,2.0,1.0,1.0,1.0,1.0,2.0,2.0,1.0,1.0,1.0,2.0,0.5,0.8888888888888888,3.0,2.0,1.0,0.3157894736842105,0.0,0.18032786885245902,0.75,0.6086956521739131,0.4117647058823529,0.25,0.0,0.6470588235294118,0.8365758754863812,0.5984555984555985,0.0,0.0,0.8064516129032258,0.3,0.0625,0.6666666666666666,0.4712746858168762,1.0,0.0
0.4876156371232468,29.0,5.0,0.19489744258472302,2.0,1.0,1.0,1.0,1.0,2.0,2.0,1.0,1.0,1.0,1.0,0.8461538461538461,0.8888888888888888,1.0,2.0,0.0,0.5263157894736842,0.21621621621621623,0.09016393442622951,0.625,0.5869565217391305,0.5294117647058824,0.375,0.0,0.8235294117647058,0.5680933852140078,0.8648648648648649,0.0,0.0,0.6451612903225806,0.26666666666666666,0.0625,0.6666666666666666,0.47468581687612216,1.0,0.0
0.4877151099174376,39.0,14.0,0.22737523587438443,2.0,1.0,1.0,1.0,1.0,1.0,2.0,1.0,1.0,1.0,4.0,0.0,0.6666666666666666,2.0,1.0,1.0,0.21052631578947367,0.08108108108108109,0.6366120218579235,0.0,0.10869565217391304,0.5294117647058824,0.65,0.13623188405797101,0.29411764705882354,0.6926070038910503,0.5598455598455598,0.0,0.0,0.6451612903225806,0.3333333333333333,0.0,0.6666666666666666,0.4712746858168762,1.0,0.0
0.4877151099174376,40.0,14.0,0.22737523587438443,2.0,1.0,1.0,1.0,1.0,1.0,2.0,1.0,1.0,1.0,4.0,0.0,0.1111111111111111,2.0,1.0,1.0,0.21052631578947367,0.08108108108108109,0.726775956284153,0.5,0.2826086956521739,0.5294117647058824,0.75,0.0,0.29411764705882354,0.8365758754863812,0.5984555984555985,0.0,0.0,0.9032258064516128,0.5,0.0,0.6666666666666666,0.4712746858168762,1.0,0.0
0.4919924400676415,41.0,4.0,0.2199653283831674,1.0,1.0,1.0,1.0,1.0,1.0,1.0,1.0,1.0,1.0,1.0,0.9615384615384616,0.1111111111111111,1.0,5.0,0.0,0.3157894736842105,0.10810810810810811,0.18032786885245902,0.375,0.43478260869565216,0.5294117647058824,0.0,0.27246376811594203,0.6470588235294118,0.43190661478599224,0.6370656370656371,0.0,0.0,0.8064516129032258,0.3333333333333333,0.375,0.6666666666666666,0.47468581687612216,1.0,0.0
0.4919924400676415,42.0,4.0,0.2199653283831674,1.0,1.0,1.0,1.0,1.0,1.0,1.0,1.0,1.0,1.0,1.0,0.9615384615384616,0.8888888888888888,1.0,5.0,0.0,0.3157894736842105,0.10810810810810811,0.09016393442622951,0.375,0.4782608695652174,0.5294117647058824,0.0,0.3420289855072464,0.6470588235294118,0.31128404669260695,0.6640926640926642,0.0,0.0,0.8064516129032258,0.3333333333333333,0.375,0.6666666666666666,0.47468581687612216,1.0,0.0
0.49248980403859544,43.0,4.0,0.2199653283831674,1.0,1.0,1.0,1.0,1.0,1.0,1.0,1.0,1.0,1.0,1.0,0.8461538461538461,0.8888888888888888,1.0,5.0,1.0,0.3157894736842105,0.13513513513513514,0.49999999999999994,0.8125,0.6086956521739131,0.35294117647058826,0.25,0.0,0.5882352941176471,0.8365758754863812,0.5984555984555985,0.3333333333333333,0.0,0.5806451612903226,0.4666666666666666,0.375,0.6666666666666666,0.590664272890485,1.0,1.0
0.4883119466825823,44.0,4.0,0.21794026049736895,2.0,1.0,1.0,1.0,1.0,1.0,2.0,1.0,1.0,1.0,1.0,0.7307692307692307,0.6666666666666666,1.0,1.0,1.0,0.3684210526315789,0.16216216216216217,0.36338797814207646,0.25,0.2826086956521739,0.4117647058823529,0.0,0.06666666666666667,0.5,0.6420233463035019,0.694980694980695,0.3333333333333333,0.0,0.8064516129032258,0.2333333333333333,0.21875,0.6666666666666666,0.2502692998204668,1.0,0.0
0.4920421764647369,45.0,19.0,0.19037172268843103,2.0,1.0,1.0,1.0,1.0,2.0,2.0,1.0,1.0,1.0,1.0,1.0,0.8888888888888888,1.0,2.0,0.0,0.21052631578947367,0.10810810810810811,0.09016393442622951,0.5249999999999999,0.5869565217391305,0.7647058823529411,0.25,0.0,0.7058823529411765,0.8365758754863812,0.5984555984555985,0.3333333333333333,0.0,0.6451612903225806,0.3,0.0625,0.6666666666666666,0.14782764811490146,1.0,0.0
0.49229085845021386,46.0,2.0,0.3705567402543608,2.0,1.0,1.0,1.0,1.0,2.0,1.0,1.0,1.0,1.0,3.0,0.4230769230769231,0.8888888888888888,2.0,1.0,0.0,0.21052631578947367,0.2702702702702703,0.36338797814207646,0.26249999999999996,0.17391304347826086,0.7647058823529411,0.25,0.0,0.35294117647058826,0.7198443579766536,0.7142857142857143,0.0,0.0,0.8387096774193549,0.3333333333333333,0.375,0.6666666666666666,0.7062836624775586,1.0,0.0
0.49234059484730924,47.0,2.0,0.3705567402543608,2.0,1.0,1.0,1.0,1.0,1.0,1.0,1.0,3.0,1.0,4.0,0.0,0.1111111111111111,2.0,1.0,0.0,0.5263157894736842,0.21621621621621623,0.45355191256830607,0.25249999999999995,0.2391304347826087,0.5294117647058824,0.9,0.21449275362318843,0.5294117647058824,0.4747081712062257,0.6718146718146718,0.0,0.08333333333333333,0.9677419354838709,0.43333333333333335,0.375,0.6666666666666666,0.7062836624775586,1.0,0.0
0.49229085845021386,48.0,2.0,0.3705567402543608,2.0,1.0,1.0,1.0,1.0,1.0,1.0,1.0,1.0,1.0,2.0,0.5384615384615384,0.1111111111111111,2.0,1.0,0.0,0.8947368421052632,0.2702702702702703,0.09016393442622951,0.4375,0.5,0.29411764705882354,0.35,0.47246376811594204,0.46058823529411763,0.09727626459143968,0.7027027027027029,0.5,0.0,0.8064516129032258,0.3333333333333333,0.375,0.6666666666666666,0.7062836624775586,1.0,0.0
0.49244006764150006,49.0,20.0,0.21654419097003821,2.0,1.0,1.0,1.0,1.0,2.0,2.0,1.0,1.0,1.0,1.0,0.7307692307692307,0.1111111111111111,1.0,2.0,0.0,0.631578947368421,0.05405405405405406,0.273224043715847,0.5,0.391304347826087,0.4117647058823529,0.0,0.16231884057971013,0.5588235294117647,0.5680933852140078,0.6525096525096525,0.0,0.0,0.25806451612903225,0.25,0.15625,0.6666666666666666,0.7062836624775586,1.0,0.0
0.4883119466825823,50.0,4.0,0.21947440283509503,2.0,1.0,1.0,1.0,1.0,1.0,2.0,1.0,1.0,1.0,1.0,0.7307692307692307,0.1111111111111111,1.0,1.0,1.0,0.3684210526315789,0.16216216216216217,0.09016393442622951,0.25,0.5,0.4117647058823529,0.0,0.21449275362318843,0.5,0.4747081712062257,0.6718146718146718,0.0,0.0,0.6774193548387097,0.3,0.21875,0.6666666666666666,0.2502692998204668,1.0,0.0
0.49229085845021386,51.0,2.0,0.3705567402543608,1.0,1.0,1.0,1.0,1.0,1.0,1.0,1.0,1.0,1.0,3.0,0.4230769230769231,0.0,2.0,1.0,0.0,0.5789473684210527,0.2702702702702703,0.09016393442622951,0.4125000000000001,0.32608695652173914,0.5294117647058824,0.25,0.35942028985507246,0.4117647058823529,0.40856031128404663,0.5444015444015445,0.0,0.0,0.8064516129032258,0.3333333333333333,0.375,0.6666666666666666,0.7062836624775586,1.0,0.0
0.49229085845021386,52.0,2.0,0.3705567402543608,2.0,1.0,1.0,1.0,1.0,2.0,1.0,1.0,1.0,1.0,3.0,0.4230769230769231,1.0,2.0,1.0,0.0,0.21052631578947367,0.2702702702702703,0.09016393442622951,0.3999999999999999,0.13043478260869565,0.7647058823529411,0.25,0.0,0.35294117647058826,0.7198443579766536,0.7142857142857143,0.0,0.0,0.7419354838709676,0.3,0.375,0.6666666666666666,0.7062836624775586,1.0,0.0
0.49229085845021386,53.0,2.0,0.3705567402543608,1.0,1.0,1.0,1.0,1.0,1.0,1.0,1.0,1.0,1.0,3.0,0.4230769230769231,0.4444444444444444,2.0,1.0,0.0,0.5789473684210527,0.2702702702702703,0.18032786885245902,0.5,0.2391304347826087,0.5294117647058824,0.25,0.0,0.4117647058823529,0.6926070038910503,0.7413127413127415,0.3333333333333333,0.0,0.7419354838709676,0.26666666666666666,0.375,0.6666666666666666,0.7062836624775586,1.0,0.0
0.49263901322988163,53.0,2.0,0.3705567402543608,1.0,1.0,1.0,1.0,1.0,1.0,1.0,1.0,1.0,1.0,3.0,0.4230769230769231,0.4444444444444444,2.0,1.0,0.0,0.5789473684210527,0.05405405405405406,0.18032786885245902,0.25,0.34782608695652173,0.5294117647058824,0.25,0.2782608695652174,0.4117647058823529,0.4747081712062257,0.586872586872587,0.0,0.0,0.7419354838709676,0.3333333333333333,0.375,0.6666666666666666,0.7062836624775586,1.0,0.0
0.4923903312444047,54.0,2.0,0.3705567402543608,1.0,1.0,1.0,1.0,1.0,1.0,1.0,1.0,1.0,1.0,3.0,0.4230769230769231,0.8888888888888888,2.0,1.0,0.0,0.5789473684210527,0.21621621621621623,0.273224043715847,0.38749999999999996,0.41304347826086957,0.29411764705882354,0.275,0.19130434782608693,0.4411764705882353,0.5408560311284045,0.6370656370656371,0.0,0.0,0.8064516129032258,0.5,0.375,0.6666666666666666,0.7062836624775586,1.0,0.0
0.49273848602407244,55.0,4.0,0.2194897442584723,2.0,1.0,1.0,1.0,1.0,1.0,2.0,1.0,1.0,1.0,1.0,1.0,0.8888888888888888,1.0,4.0,0.0,0.3157894736842105,0.24324324324324326,0.09016393442622951,0.5125000000000002,0.45652173913043476,0.7058823529411765,0.25,0.16231884057971013,0.5294117647058824,0.5680933852140078,0.6525096525096525,0.0,0.0,0.6451612903225806,0.3333333333333333,0.21875,0.6666666666666666,0.47468581687612216,1.0,0.0
0.49263901322988163,51.0,2.0,0.3705567402543608,1.0,1.0,1.0,1.0,1.0,1.0,1.0,1.0,1.0,1.0,3.0,0.4230769230769231,0.0,2.0,1.0,0.0,0.5789473684210527,0.05405405405405406,0.09016393442622951,0.375,0.1956521739130435,0.5294117647058824,0.25,0.3855072463768116,0.4117647058823529,0.5680933852140078,0.77992277992278,0.0,0.0,0.7741935483870968,0.26666666666666666,0.375,0.6666666666666666,0.35906642728904853,1.0,0.0
0.4928379588182632,56.0,4.0,0.2194897442584723,2.0,1.0,1.0,1.0,1.0,1.0,2.0,1.0,1.0,1.0,1.0,0.9615384615384616,0.1111111111111111,1.0,1.0,0.0,0.3157894736842105,0.21621621621621623,0.49999999999999994,0.5625,0.32608695652173914,0.4117647058823529,0.0,0.263768115942029,0.6470588235294118,0.6147859922178986,0.46718146718146725,0.3333333333333333,0.0,0.8064516129032258,0.16666666666666666,0.21875,0.6666666666666666,0.47468581687612216,1.0,0.0
0.4928379588182632,57.0,4.0,0.2194897442584723,2.0,1.0,1.0,1.0,1.0,1.0,2.0,1.0,1.0,1.0,1.0,0.9615384615384616,0.8888888888888888,1.0,1.0,0.0,0.3157894736842105,0.21621621621621623,0.49999999999999994,0.5125000000000002,0.2826086956521739,0.4117647058823529,0.0,0.3217391304347826,0.6470588235294118,0.5680933852140078,0.4362934362934362,0.3333333333333333,0.0,0.5806451612903226,0.3,0.21875,0.6666666666666666,0.47468581687612216,1.0,0.0
0.4928876952153586,58.0,5.0,0.19491278400810028,2.0,1.0,1.0,1.0,1.0,2.0,2.0,1.0,1.0,1.0,1.0,0.8461538461538461,0.8888888888888888,1.0,2.0,0.0,0.3157894736842105,0.21621621621621623,0.273224043715847,0.5,0.5,0.35294117647058826,0.25,0.16231884057971013,0.5882352941176471,0.5680933852140078,0.6525096525096525,0.0,0.0,0.7096774193548387,0.43333333333333335,0.0625,0.6666666666666666,0.47468581687612216,1.0,0.0
0.49303690440664477,59.0,21.0,0.2301673749290459,2.0,1.0,1.0,1.0,1.0,1.0,2.0,1.0,1.0,1.0,2.0,0.5384615384615384,0.1111111111111111,1.0,1.0,0.0,0.7368421052631579,0.3783783783783784,0.45355191256830607,0.36250000000000004,0.43478260869565216,0.5294117647058824,0.175,0.0,0.4411764705882353,0.6926070038910503,0.7413127413127415,0.0,0.0,0.8064516129032258,0.2333333333333333,0.15625,0.6666666666666666,0.47863554757630167,1.0,0.0
0.492937431612454,60.0,1.0,0.03781660862494822,1.0,1.0,1.0,1.0,1.0,1.0,1.0,1.0,1.0,1.0,1.0,0.7307692307692307,0.1111111111111111,1.0,1.0,1.0,0.42105263157894735,0.2702702702702703,0.09016393442622951,0.38749999999999996,0.391304347826087,0.4117647058823529,0.0,0.43478260869565216,0.5,0.35019455252918286,0.5019305019305019,0.0,0.0,0.5161290322580645,0.3,0.1875,0.6666666666666666,0.47468581687612216,1.0,0.0
0.49303690440664477,61.0,21.0,0.2301673749290459,2.0,1.0,1.0,1.0,1.0,1.0,2.0,1.0,1.0,1.0,2.0,0.5384615384615384,0.8888888888888888,1.0,1.0,0.0,0.631578947368421,0.3783783783783784,0.09016393442622951,0.44999999999999996,0.3695652173913043,0.5294117647058824,0.1,0.0,0.4411764705882353,0.6926070038910503,0.7413127413127415,0.0,0.0,0.8064516129032258,0.5666666666666667,0.15625,0.6666666666666666,0.47863554757630167,1.0,0.0
0.49308664080374015,62.0,4.0,0.2194897442584723,2.0,1.0,1.0,1.0,1.0,2.0,2.0,1.0,1.0,1.0,1.0,1.0,0.1111111111111111,1.0,1.0,1.0,0.3157894736842105,0.3783783783783784,0.18032786885245902,0.4125000000000001,0.3695652173913043,0.7647058823529411,0.35,0.0,0.6470588235294118,0.8365758754863812,0.5984555984555985,0.0,0.0,0.7096774193548387,0.3333333333333333,0.21875,0.6666666666666666,0.35906642728904853,1.0,0.0
0.49308664080374015,63.0,4.0,0.2194897442584723,2.0,1.0,1.0,1.0,1.0,2.0,2.0,1.0,1.0,1.0,1.0,1.0,0.8888888888888888,1.0,1.0,1.0,0.3157894736842105,0.3783783783783784,0.18032786885245902,0.6000000000000001,0.45652173913043476,0.7058823529411765,0.25,0.0,0.6470588235294118,0.8365758754863812,0.5984555984555985,0.0,0.0,0.7741935483870968,0.3,0.21875,0.6666666666666666,0.35906642728904853,1.0,0.0
0.4934347955834079,64.0,22.0,0.19155301228848012,1.0,1.0,1.0,1.0,1.0,1.0,1.0,1.0,1.0,2.0,1.0,0.9615384615384616,0.1111111111111111,1.0,1.0,0.0,0.35789473684210527,0.24324324324324326,0.36338797814207646,0.375,0.5,1.0,0.0,0.4840579710144927,0.23529411764705882,0.31128404669260695,0.47490347490347484,0.0,0.0,0.8064516129032258,0.06666666666666667,0.375,0.6666666666666666,0.7181328545780971,1.0,0.0
0.4934347955834079,65.0,22.0,0.19155301228848012,1.0,1.0,1.0,1.0,1.0,1.0,1.0,1.0,1.0,2.0,1.0,0.9615384615384616,0.8888888888888888,1.0,1.0,0.0,0.42105263157894735,0.24324324324324326,0.36338797814207646,0.4375,0.391304347826087,1.0,0.0,0.408695652173913,0.23529411764705882,0.3696498054474708,0.5173745173745173,0.0,0.0,0.8064516129032258,0.5,0.375,0.6666666666666666,0.7181328545780971,1.0,0.0
0.4971650253655625,36.0,5.0,0.19492812543147753,2.0,1.0,1.0,1.0,1.0,2.0,2.0,1.0,1.0,1.0,1.0,0.8461538461538461,0.1111111111111111,1.0,2.0,0.0,0.5263157894736842,0.21621621621621623,0.36338797814207646,0.5,0.2826086956521739,0.5882352941176471,0.25,0.09855072463768115,0.8823529411764706,0.6147859922178986,0.6872586872586872,0.0,0.0,0.8064516129032258,0.26666666666666666,0.0625,0.6666666666666666,0.4712746858168762,1.0,0.0
0.4971650253655625,66.0,5.0,0.19492812543147753,2.0,1.0,1.0,1.0,1.0,2.0,2.0,1.0,1.0,1.0,1.0,0.8461538461538461,0.8888888888888888,1.0,2.0,0.0,0.4631578947368421,0.21621621621621623,0.273224043715847,0.5,0.5,0.35294117647058826,0.25,0.263768115942029,0.8823529411764706,0.3696498054474708,0.7104247104247104,0.0,0.0,0.8064516129032258,0.3666666666666667,0.0625,0.6666666666666666,0.4712746858168762,1.0,0.0
0.4932855863921218,67.0,23.0,0.22281883313133793,2.0,1.0,1.0,1.0,1.0,2.0,2.0,1.0,1.0,1.0,1.0,0.8461538461538461,0.1111111111111111,1.0,2.0,1.0,0.21052631578947367,0.35135135135135137,0.18032786885245902,0.5,0.41304347826086957,0.5882352941176471,0.25,0.2579710144927536,0.5882352941176471,0.33073929961089493,0.7567567567567568,0.0,0.0,0.8064516129032258,0.39999999999999997,0.0625,0.6666666666666666,0.47468581687612216,1.0,0.0
0.4932855863921218,68.0,23.0,0.22281883313133793,2.0,1.0,1.0,1.0,1.0,2.0,2.0,1.0,1.0,1.0,1.0,0.8461538461538461,0.8888888888888888,1.0,2.0,1.0,0.21052631578947367,0.35135135135135137,0.18032786885245902,0.5,0.6304347826086957,0.35294117647058826,0.25,0.46666666666666673,0.5882352941176471,0.14007782101167318,0.6679536679536678,0.0,0.0,0.8064516129032258,0.5,0.0625,0.6666666666666666,0.47468581687612216,1.0,0.0
0.4970158161742763,69.0,18.0,0.1958486108341132,2.0,1.0,1.0,1.0,1.0,1.0,2.0,1.0,1.0,1.0,1.0,0.9615384615384616,0.1111111111111111,3.0,2.0,1.0,0.21052631578947367,0.21621621621621623,0.18032786885245902,0.25,0.391304347826087,1.0,0.0,0.22028985507246376,0.5294117647058824,0.517509727626459,0.6177606177606177,0.0,0.0,0.8064516129032258,0.6666666666666666,0.15625,0.6666666666666666,0.5982046678635548,1.0,0.0
0.4970158161742763,70.0,18.0,0.1958486108341132,2.0,1.0,1.0,1.0,1.0,1.0,2.0,1.0,1.0,1.0,1.0,0.9615384615384616,0.8888888888888888,3.0,2.0,1.0,0.2631578947368421,0.21621621621621623,0.18032786885245902,0.25,0.5,1.0,0.0,0.18115942028985507,0.5294117647058824,0.43190661478599224,0.7606177606177608,0.0,0.0,0.9677419354838709,0.5,0.15625,0.6666666666666666,0.5982046678635548,1.0,0.0
0.4972147617626579,71.0,24.0,0.22665418897565315,2.0,1.0,1.0,1.0,1.0,1.0,2.0,1.0,1.0,1.0,3.0,0.4230769230769231,0.0,2.0,1.0,0.0,0.3157894736842105,0.24324324324324326,0.09016393442622951,0.375,0.2391304347826087,0.5294117647058824,0.25,0.0,0.5,0.6926070038910503,0.7413127413127415,0.0,0.0,0.8709677419354839,0.2333333333333333,0.21875,0.6666666666666666,0.4712746858168762,1.0,0.0
0.4972147617626579,72.0,24.0,0.22665418897565315,2.0,1.0,1.0,1.0,1.0,1.0,2.0,1.0,1.0,1.0,3.0,0.4230769230769231,0.4444444444444444,2.0,1.0,0.0,0.3157894736842105,0.24324324324324326,0.18032786885245902,0.4375,0.2391304347826087,0.5294117647058824,0.25,0.16231884057971013,0.5,0.5680933852140078,0.6525096525096525,0.0,0.0,0.48387096774193544,0.16666666666666666,0.21875,0.6666666666666666,0.4712746858168762,1.0,0.0
0.5027355018402467,73.0,17.0,0.19842596996149303,2.0,1.0,2.0,1.0,1.0,2.0,2.0,1.0,1.0,2.0,1.0,0.8461538461538461,0.1111111111111111,1.0,2.0,0.0,0.4631578947368421,0.8648648648648649,0.6366120218579235,0.5,0.3695652173913043,0.5882352941176471,0.45,0.0,0.5882352941176471,0.6926070038910503,0.7413127413127415,0.16666666666666666,0.0,0.8064516129032258,0.3666666666666667,0.15625,0.6666666666666666,0.4712746858168762,1.0,0.0
0.5027355018402467,49.0,17.0,0.19673841338999432,2.0,1.0,2.0,1.0,1.0,2.0,2.0,1.0,1.0,1.0,1.0,0.8461538461538461,0.8888888888888888,1.0,2.0,0.0,0.4631578947368421,0.8648648648648649,0.45355191256830607,0.5,0.5434782608695652,0.35294117647058826,0.25,0.043478260869565216,0.5882352941176471,0.3696498054474708,0.47490347490347484,0.0,0.0,0.8064516129032258,0.3666666666666667,0.15625,0.6666666666666666,0.4712746858168762,1.0,0.0
0.502138665075102,74.0,2.0,0.3705720816777381,1.0,1.0,1.0,1.0,1.0,1.0,1.0,1.0,1.0,1.0,3.0,0.4230769230769231,0.4444444444444444,2.0,1.0,0.0,0.5263157894736842,0.4594594594594595,0.36338797814207646,0.625,0.2608695652173913,0.5294117647058824,0.25,0.0,0.47058823529411764,0.6926070038910503,0.7413127413127415,0.0,0.0,0.7096774193548387,0.3,0.375,0.6666666666666666,0.5982046678635548,1.0,0.0
0.5022381378692927,75.0,2.0,0.3705720816777381,1.0,1.0,1.0,1.0,1.0,1.0,1.0,1.0,1.0,2.0,4.0,0.0,0.6666666666666666,2.0,1.0,0.0,0.5263157894736842,0.5405405405405406,0.18032786885245902,0.16749999999999998,0.3695652173913043,0.4117647058823529,0.25,0.1391304347826087,0.4323529411764706,0.7198443579766536,0.5289575289575291,0.08333333333333333,0.0,0.9677419354838709,0.6666666666666666,0.375,0.6666666666666666,0.35906642728904853,1.0,0.0
0.5022381378692927,76.0,2.0,0.3705720816777381,1.0,1.0,1.0,1.0,1.0,1.0,1.0,1.0,1.0,2.0,4.0,0.0,0.1111111111111111,2.0,1.0,0.0,0.5263157894736842,0.5405405405405406,0.18032786885245902,0.23249999999999993,0.2826086956521739,0.4117647058823529,0.675,0.29565217391304344,0.4323529411764706,0.3891050583657587,0.6486486486486486,0.0,0.0,0.9677419354838709,0.3333333333333333,0.375,0.6666666666666666,0.35906642728904853,1.0,0.0
0.502138665075102,77.0,2.0,0.3705720816777381,1.0,1.0,1.0,1.0,1.0,1.0,1.0,1.0,1.0,1.0,3.0,0.4230769230769231,0.0,2.0,1.0,0.0,0.5263157894736842,0.4594594594594595,0.273224043715847,0.44999999999999996,0.30434782608695654,0.5294117647058824,0.25,0.5971014492753624,0.47058823529411764,0.22178988326848256,0.41312741312741325,0.0,0.0,0.8064516129032258,0.19999999999999998,0.375,0.6666666666666666,0.5982046678635548,1.0,0.0
0.4982094897045658,78.0,2.0,0.3705720816777381,1.0,1.0,1.0,1.0,1.0,1.0,1.0,1.0,1.0,1.0,4.0,0.0,0.1111111111111111,2.0,1.0,0.0,0.5263157894736842,0.40540540540540543,0.09016393442622951,0.4624999999999999,0.717391304347826,0.5294117647058824,0.75,0.0,0.3058823529411765,0.8365758754863812,0.5984555984555985,0.0,0.0,0.9677419354838709,0.45,0.375,0.6666666666666666,0.590664272890485,1.0,0.0
0.4982094897045658,79.0,2.0,0.3705720816777381,1.0,1.0,1.0,1.0,1.0,1.0,1.0,1.0,1.0,1.0,4.0,0.0,0.6666666666666666,2.0,1.0,0.0,0.5263157894736842,0.40540540540540543,0.09016393442622951,0.4375,0.3695652173913043,0.5294117647058824,0.95,0.1391304347826087,0.3058823529411765,0.7198443579766536,0.5289575289575291,0.25,0.0,0.9677419354838709,0.3333333333333333,0.375,0.6666666666666666,0.590664272890485,1.0,0.0
0.4983089624987566,80.0,17.0,0.19672307196661706,2.0,1.0,2.0,1.0,1.0,2.0,2.0,1.0,1.0,1.0,1.0,0.8461538461538461,0.8888888888888888,1.0,2.0,1.0,0.21052631578947367,0.5675675675675675,0.18032786885245902,0.5,0.5434782608695652,0.35294117647058826,0.2,0.16231884057971013,0.7058823529411765,0.5914396887159533,0.6254826254826257,0.0,0.0,0.5483870967741935,0.13333333333333333,0.0625,0.6666666666666666,0.4712746858168762,1.0,0.0
0.4983089624987566,81.0,17.0,0.19672307196661706,2.0,1.0,2.0,1.0,1.0,2.0,2.0,1.0,1.0,1.0,1.0,0.8461538461538461,0.1111111111111111,1.0,2.0,1.0,0.21052631578947367,0.5675675675675675,0.09016393442622951,0.375,0.5,0.5882352941176471,0.5,0.24927536231884057,0.7058823529411765,0.49805447470817105,0.6023166023166024,0.6666666666666666,0.0,0.5483870967741935,0.3333333333333333,0.0625,0.6666666666666666,0.35906642728904853,1.0,0.0
0.49786133492489804,82.0,20.0,0.21663623951030175,2.0,1.0,1.0,1.0,1.0,2.0,2.0,1.0,1.0,1.0,1.0,0.8461538461538461,0.1111111111111111,1.0,2.0,1.0,0.3157894736842105,0.40540540540540543,0.09016393442622951,0.5,0.2391304347826087,0.5882352941176471,0.25,0.0,0.8823529411764706,0.6926070038910503,0.7413127413127415,0.6666666666666666,0.0,0.8064516129032258,0.5,0.15625,0.6666666666666666,0.4712746858168762,1.0,0.0
0.49786133492489804,83.0,20.0,0.3700504732829112,2.0,1.0,1.0,1.0,1.0,2.0,2.0,1.0,1.0,1.0,1.0,0.8461538461538461,0.8888888888888888,1.0,2.0,1.0,0.3157894736842105,0.40540540540540543,0.18032786885245902,0.5,0.2826086956521739,0.35294117647058826,0.25,0.0,0.8823529411764706,0.6926070038910503,0.7413127413127415,0.6666666666666666,0.0,0.48387096774193544,0.16666666666666666,0.15625,0.6666666666666666,0.4712746858168762,1.0,0.0
0.49766238933651646,84.0,4.0,0.14285933448905389,2.0,1.0,1.0,1.0,1.0,1.0,2.0,1.0,1.0,1.0,1.0,0.9615384615384616,0.1111111111111111,1.0,1.0,0.0,0.3157894736842105,0.6486486486486487,0.18032786885245902,0.2749999999999999,0.5,0.7647058823529411,0.0,0.16231884057971013,0.5294117647058824,0.5680933852140078,0.6525096525096525,0.0,0.0,0.6451612903225806,0.8333333333333334,0.15625,0.6666666666666666,0.590664272890485,1.0,0.0
0.49766238933651646,85.0,4.0,0.14285933448905389,2.0,1.0,1.0,1.0,1.0,1.0,2.0,1.0,1.0,1.0,1.0,0.9615384615384616,0.8888888888888888,1.0,1.0,1.0,0.2631578947368421,0.6486486486486487,0.18032786885245902,0.5,0.391304347826087,0.5294117647058824,0.0,0.12463768115942028,0.5294117647058824,0.517509727626459,0.7451737451737451,0.0,0.0,0.8064516129032258,0.5,0.15625,0.6666666666666666,0.590664272890485,1.0,0.0
0.4973639709539441,86.0,24.0,0.22665418897565315,2.0,1.0,1.0,1.0,1.0,1.0,2.0,1.0,1.0,1.0,2.0,0.5384615384615384,0.8888888888888888,2.0,1.0,1.0,0.3157894736842105,0.5135135135135135,0.09016393442622951,0.4750000000000001,0.41304347826086957,0.29411764705882354,0.45,0.16231884057971013,0.49176470588235294,0.5680933852140078,0.6525096525096525,0.0,0.0,0.8064516129032258,0.5,0.21875,0.6666666666666666,0.4712746858168762,1.0,0.0
0.4973639709539441,87.0,24.0,0.22665418897565315,2.0,1.0,1.0,1.0,1.0,1.0,3.0,1.0,1.0,1.0,2.0,0.5384615384615384,0.1111111111111111,2.0,1.0,1.0,0.3157894736842105,0.5135135135135135,0.09016393442622951,0.42500000000000004,0.45652173913043476,0.29411764705882354,0.35,0.16521739130434784,0.49176470588235294,0.6147859922178986,0.5752895752895753,0.0,0.0,0.8064516129032258,0.3666666666666667,0.21875,0.6666666666666666,0.4712746858168762,1.0,0.0
0.4982094897045658,88.0,25.0,0.22929291379654204,1.0,1.0,1.0,1.0,1.0,1.0,1.0,1.0,1.0,2.0,1.0,0.7307692307692307,0.1111111111111111,1.0,1.0,1.0,0.631578947368421,0.2702702702702703,0.273224043715847,0.4375,0.4782608695652174,0.4117647058823529,0.0,0.4840579710144927,0.5588235294117647,0.517509727626459,0.47490347490347484,0.3333333333333333,0.0,0.8064516129032258,0.3333333333333333,0.1875,0.6666666666666666,0.35906642728904853,1.0,0.0
0.5071123047846414,89.0,19.0,0.1904177469585628,2.0,1.0,1.0,1.0,1.0,2.0,2.0,1.0,1.0,1.0,1.0,0.8461538461538461,0.1111111111111111,1.0,2.0,0.0,0.42105263157894735,0.5135135135135135,0.45355191256830607,0.4375,0.41304347826086957,0.5882352941176471,0.25,0.16231884057971013,0.7941176470588235,0.5680933852140078,0.6525096525096525,0.16666666666666666,0.0,0.8064516129032258,0.43333333333333335,0.0625,0.6666666666666666,0.590664272890485,1.0,0.0
0.507062568387546,23.0,4.0,0.21964315849224492,2.0,1.0,1.0,1.0,1.0,1.0,2.0,1.0,1.0,1.0,1.0,1.0,0.1111111111111111,1.0,4.0,0.0,0.47368421052631576,0.8918918918918919,0.6366120218579235,0.5,0.5,0.5294117647058824,0.25,0.0,0.7941176470588235,0.6926070038910503,0.7413127413127415,0.0,0.0,0.48387096774193544,0.3333333333333333,0.21875,0.6666666666666666,0.590664272890485,1.0,0.0
0.507062568387546,90.0,4.0,0.21964315849224492,2.0,1.0,1.0,1.0,1.0,1.0,2.0,1.0,1.0,1.0,1.0,1.0,0.8888888888888888,1.0,4.0,0.0,0.47368421052631576,0.8918918918918919,0.49999999999999994,0.5,0.5,0.5294117647058824,0.25,0.0,0.7941176470588235,0.43190661478599224,1.0,0.0,0.0,0.48387096774193544,0.25,0.21875,0.6666666666666666,0.590664272890485,1.0,0.0
0.5071123047846414,91.0,19.0,0.1904177469585628,2.0,1.0,1.0,1.0,1.0,2.0,2.0,1.0,1.0,1.0,1.0,0.8461538461538461,0.8888888888888888,1.0,2.0,0.0,0.42105263157894735,0.5135135135135135,0.5464480874316939,0.4375,0.3695652173913043,0.35294117647058826,0.5,0.30434782608695654,0.7941176470588235,0.45136186770428016,0.5714285714285714,0.16666666666666666,0.0,0.8064516129032258,0.6,0.0625,0.6666666666666666,0.590664272890485,1.0,0.0
0.5070128319904507,92.0,4.0,0.21964315849224492,2.0,1.0,1.0,1.0,1.0,1.0,2.0,1.0,1.0,2.0,1.0,0.9615384615384616,0.1111111111111111,1.0,2.0,1.0,0.2631578947368421,0.9459459459459459,0.45355191256830607,0.36250000000000004,0.15217391304347827,0.5294117647058824,0.2,0.09855072463768115,0.35294117647058826,0.6420233463035019,0.6602316602316604,0.0,0.0,0.8064516129032258,0.3333333333333333,0.375,0.6666666666666666,0.606463195691203,1.0,0.0
0.5070128319904507,93.0,4.0,0.21964315849224492,2.0,1.0,1.0,1.0,1.0,1.0,2.0,1.0,1.0,1.0,1.0,0.9615384615384616,0.8888888888888888,1.0,2.0,1.0,0.2631578947368421,0.9459459459459459,0.6366120218579235,0.375,0.17391304347826086,0.5294117647058824,0.125,0.1565217391304348,0.35294117647058826,0.517509727626459,0.7027027027027029,0.0,0.0,0.7419354838709676,0.3,0.375,0.6666666666666666,0.5982046678635548,1.0,0.0
0.5033323386053914,94.0,11.0,0.21922894006105886,2.0,1.0,1.0,1.0,1.0,2.0,2.0,1.0,1.0,1.0,1.0,0.8461538461538461,0.1111111111111111,1.0,2.0,1.0,0.47368421052631576,0.6756756756756757,0.6366120218579235,0.3125,0.3695652173913043,0.5882352941176471,0.0,0.24927536231884057,0.4117647058823529,0.49805447470817105,0.6023166023166024,0.0,0.0,0.6451612903225806,0.5,0.21875,0.6666666666666666,0.7181328545780971,1.0,0.0
0.5030836566199145,95.0,5.0,0.22567233787950847,2.0,1.0,1.0,1.0,1.0,2.0,2.0,1.0,1.0,1.0,1.0,1.0,0.8888888888888888,1.0,2.0,0.0,0.3157894736842105,0.7297297297297297,0.36338797814207646,0.5,0.5869565217391305,0.7058823529411765,0.2,0.0,0.7647058823529411,0.6926070038910503,0.7413127413127415,0.3333333333333333,0.0,0.8064516129032258,0.19999999999999998,0.0625,0.6666666666666666,0.590664272890485,1.0,0.0
0.5030836566199145,96.0,5.0,0.19498949112498656,2.0,1.0,1.0,1.0,1.0,2.0,2.0,1.0,1.0,1.0,1.0,1.0,0.1111111111111111,1.0,2.0,0.0,0.3157894736842105,0.7297297297297297,0.273224043715847,0.5,0.5869565217391305,0.7058823529411765,0.3,0.0,0.7647058823529411,0.6926070038910503,0.7413127413127415,0.3333333333333333,0.0,0.4516129032258064,0.3333333333333333,0.0625,0.6666666666666666,0.590664272890485,1.0,0.0
0.49840843529294737,97.0,19.0,0.1903870641118083,2.0,1.0,1.0,1.0,1.0,2.0,2.0,1.0,1.0,1.0,2.0,0.5384615384615384,0.8888888888888888,1.0,2.0,0.0,0.3157894736842105,0.7837837837837838,0.09016393442622951,0.4375,0.6086956521739131,0.7647058823529411,0.15,0.0,0.8823529411764706,0.6926070038910503,0.7413127413127415,0.0,0.0,0.8064516129032258,0.3333333333333333,0.0625,0.6666666666666666,0.4712746858168762,1.0,0.0
0.49840843529294737,98.0,19.0,0.1903870641118083,2.0,1.0,1.0,1.0,1.0,2.0,2.0,1.0,1.0,1.0,2.0,0.5384615384615384,0.1111111111111111,1.0,2.0,0.0,0.3157894736842105,0.7837837837837838,0.18032786885245902,0.375,0.5434782608695652,0.5294117647058824,0.275,0.0,0.8823529411764706,0.7392996108949416,0.694980694980695,0.25,0.0,0.8064516129032258,0.3333333333333333,0.0625,0.6666666666666666,0.5982046678635548,1.0,0.0
0.5033323386053914,99.0,11.0,0.21922894006105886,2.0,1.0,1.0,1.0,1.0,2.0,2.0,1.0,1.0,2.0,1.0,0.8461538461538461,0.8888888888888888,1.0,2.0,1.0,0.5263157894736842,0.6756756756756757,0.6366120218579235,0.5,0.41304347826086957,0.35294117647058826,0.2,0.16231884057971013,0.4117647058823529,0.5680933852140078,0.6525096525096525,0.0,0.0,0.3225806451612903,0.16666666666666666,0.21875,0.6666666666666666,0.7181328545780971,1.0,0.0
0.5030836566199145,21.0,26.0,0.22808094134973844,2.0,1.0,1.0,1.0,1.0,2.0,2.0,1.0,1.0,1.0,2.0,0.5,0.1111111111111111,1.0,1.0,0.0,0.5263157894736842,0.7297297297297297,0.6366120218579235,0.42500000000000004,0.8913043478260869,0.5294117647058824,0.125,0.30724637681159417,0.5,0.27626459143968873,0.7451737451737451,0.0,0.0,0.9032258064516128,0.43333333333333335,0.15625,0.6666666666666666,0.7181328545780971,1.0,0.0
0.5030836566199145,100.0,26.0,0.22808094134973844,2.0,1.0,1.0,1.0,1.0,2.0,2.0,1.0,1.0,1.0,2.0,0.5,0.8888888888888888,1.0,1.0,1.0,0.5263157894736842,0.7297297297297297,0.6366120218579235,0.36250000000000004,0.8478260869565217,0.5294117647058824,0.15,0.3188405797101449,0.6176470588235294,0.35019455252918286,0.6563706563706564,0.0,0.0,0.9032258064516128,0.26666666666666666,0.15625,0.6666666666666666,0.7181328545780971,1.0,0.0
0.5073609867701184,101.0,11.0,0.2217295920715524,2.0,1.0,1.0,1.0,1.0,2.0,2.0,1.0,1.0,1.0,2.0,0.5384615384615384,0.1111111111111111,1.0,1.0,0.0,0.3157894736842105,0.5675675675675675,0.36338797814207646,0.5025,0.5869565217391305,0.058823529411764705,0.25,0.15362318840579708,0.7905882352941176,0.45136186770428016,0.7760617760617762,0.4166666666666667,0.0,0.9677419354838709,0.26666666666666666,0.0625,0.6666666666666666,0.7181328545780971,1.0,0.0
0.5073609867701184,102.0,11.0,0.2217295920715524,2.0,1.0,1.0,1.0,1.0,2.0,2.0,1.0,1.0,1.0,2.0,0.5384615384615384,0.8888888888888888,1.0,1.0,0.0,0.15789473684210525,0.5675675675675675,0.5464480874316939,0.3787499999999999,0.4782608695652174,0.11764705882352941,0.2,0.15362318840579708,0.7905882352941176,0.45136186770428016,0.7760617760617762,0.0,0.0,0.5806451612903226,0.16666666666666666,0.0625,0.6666666666666666,0.590664272890485,1.0,0.0
0.5074107231672138,67.0,20.0,0.21675897089731985,2.0,1.0,1.0,1.0,1.0,2.0,2.0,1.0,1.0,1.0,1.0,1.0,0.1111111111111111,1.0,2.0,0.0,0.3157894736842105,0.5675675675675675,0.36338797814207646,0.625,0.5434782608695652,0.5294117647058824,0.25,0.0,0.9705882352941176,0.45136186770428016,0.9806949806949807,0.0,0.0,0.6451612903225806,0.3333333333333333,0.15625,0.6666666666666666,0.47468581687612216,1.0,0.0
0.5074107231672138,103.0,11.0,0.21675897089731985,2.0,1.0,1.0,1.0,1.0,2.0,2.0,1.0,1.0,1.0,1.0,1.0,0.8888888888888888,1.0,2.0,0.0,0.10526315789473684,0.5675675675675675,0.3169398907103824,0.625,0.32608695652173914,0.5294117647058824,0.25,0.0,0.9705882352941176,0.45136186770428016,0.9806949806949807,0.0,0.0,0.6451612903225806,0.3333333333333333,0.15625,0.6666666666666666,0.47468581687612216,1.0,0.0
0.5075599323584999,104.0,11.0,0.2217295920715524,2.0,1.0,1.0,1.0,1.0,2.0,2.0,1.0,1.0,1.0,2.0,0.5,0.1111111111111111,1.0,2.0,0.0,0.10526315789473684,0.918918918918919,0.36338797814207646,0.5,0.8913043478260869,0.5294117647058824,0.375,0.0,0.6764705882352942,0.8365758754863812,0.5984555984555985,0.0,0.0,0.8870967741935484,0.3333333333333333,0.15625,0.6666666666666666,0.35906642728904853,1.0,0.0
0.5075599323584999,105.0,5.0,0.19500483254836384,2.0,1.0,1.0,1.0,1.0,2.0,2.0,1.0,1.0,1.0,1.0,0.9615384615384616,0.1111111111111111,1.0,2.0,0.0,0.42105263157894735,0.918918918918919,0.273224043715847,0.44999999999999996,0.32608695652173914,0.5294117647058824,0.025,0.16231884057971013,0.8976470588235295,0.5680933852140078,0.6525096525096525,0.0,0.0,0.9193548387096774,0.3666666666666667,0.0625,0.6666666666666666,0.47468581687612216,1.0,0.0
0.5075599323584999,106.0,5.0,0.22292622309497875,2.0,1.0,1.0,1.0,1.0,2.0,2.0,1.0,1.0,1.0,1.0,0.9615384615384616,0.8888888888888888,1.0,2.0,0.0,0.42105263157894735,0.918918918918919,0.273224043715847,0.5125000000000002,0.41304347826086957,0.5294117647058824,0.05,0.16231884057971013,0.8976470588235295,0.5680933852140078,0.6525096525096525,0.0,0.0,0.8709677419354839,0.2333333333333333,0.0625,0.6666666666666666,0.47468581687612216,1.0,0.0
0.5075599323584999,107.0,11.0,0.2217295920715524,2.0,1.0,1.0,1.0,1.0,2.0,2.0,1.0,1.0,2.0,2.0,0.5,0.8888888888888888,1.0,2.0,0.0,0.15789473684210525,0.918918918918919,0.09016393442622951,0.4375,0.8043478260869565,0.5294117647058824,0.25,0.014492753623188406,0.6764705882352942,0.45136186770428016,0.7760617760617762,0.0,0.0,0.8064516129032258,0.3333333333333333,0.15625,0.6666666666666666,0.35906642728904853,1.0,0.0
0.5121356808912763,108.0,11.0,0.22179095776506144,2.0,1.0,1.0,1.0,1.0,2.0,2.0,1.0,1.0,2.0,1.0,0.8461538461538461,0.8888888888888888,1.0,2.0,0.0,0.3157894736842105,0.7837837837837838,0.18032786885245902,0.42500000000000004,0.6739130434782609,0.35294117647058826,0.1,0.127536231884058,0.55,0.5642023346303501,0.694980694980695,0.16666666666666666,0.0,0.6451612903225806,0.43333333333333335,0.0625,0.6666666666666666,0.590664272890485,1.0,0.0
0.5121356808912763,109.0,11.0,0.22179095776506144,2.0,1.0,1.0,1.0,1.0,2.0,2.0,1.0,1.0,2.0,1.0,0.8461538461538461,0.1111111111111111,1.0,2.0,0.0,0.3157894736842105,0.7837837837837838,0.09016393442622951,0.5,0.41304347826086957,0.5882352941176471,0.075,0.1391304347826087,0.55,0.7198443579766536,0.5289575289575291,0.25,0.0,0.6451612903225806,0.2333333333333333,0.0625,0.6666666666666666,0.590664272890485,1.0,0.0
0.00542126728339799,110.0,27.0,0.17418652102542073,1.0,1.0,1.0,1.0,1.0,1.0,1.0,1.0,3.0,1.0,2.0,0.5,0.8888888888888888,2.0,1.0,1.0,0.5684210526315789,0.5135135135135135,0.9098360655737704,0.5,0.5434782608695652,0.6470588235294118,0.05,0.4579710144927536,0.0,0.33073929961089493,0.4903474903474905,0.0,0.0,0.8064516129032258,0.3333333333333333,0.6875,0.6666666666666666,0.24057450628366264,1.0,1.0
0.00024868198547697205,111.0,18.0,0.17638034456836904,2.0,1.0,1.0,1.0,1.0,2.0,2.0,1.0,1.0,2.0,1.0,0.9615384615384616,0.1111111111111111,3.0,2.0,0.0,0.3157894736842105,0.16216216216216217,0.18032786885245902,0.25,0.4782608695652174,0.5294117647058824,0.0,0.0,0.37058823529411766,0.8054474708171206,0.6293436293436293,0.4166666666666667,0.0,1.0,0.6,0.15625,0.2,0.2477558348294437,1.0,0.0
0.0004476275738585497,112.0,11.0,0.19951521102127856,2.0,1.0,1.0,1.0,1.0,2.0,2.0,1.0,1.0,1.0,2.0,0.5,0.8888888888888888,1.0,2.0,0.0,0.42105263157894735,0.1891891891891892,0.18032786885245902,0.375,0.41304347826086957,0.5294117647058824,0.25,0.0,0.7764705882352941,0.6926070038910503,0.7413127413127415,0.0,0.0,0.8064516129032258,0.3333333333333333,0.0625,0.3333333333333333,0.35906642728904853,1.0,0.0
0.0004476275738585497,35.0,11.0,0.19951521102127856,2.0,1.0,1.0,1.0,1.0,2.0,2.0,1.0,1.0,1.0,2.0,0.5,0.1111111111111111,1.0,2.0,0.0,0.42105263157894735,0.1891891891891892,0.18032786885245902,0.5,0.5869565217391305,0.4117647058823529,0.2,0.0,0.7764705882352941,0.517509727626459,0.9150579150579152,0.0,0.0,0.8064516129032258,0.3333333333333333,0.0625,0.3333333333333333,0.35906642728904853,1.0,0.0
0.009798070227792699,113.0,28.0,0.21188039826335087,1.0,1.0,1.0,1.0,1.0,1.0,1.0,1.0,1.0,1.0,4.0,0.0,0.6666666666666666,2.0,1.0,1.0,0.631578947368421,0.5135135135135135,0.273224043715847,0.375,0.2826086956521739,0.4117647058823529,1.0,0.09855072463768115,0.4117647058823529,0.6147859922178986,0.6872586872586872,0.0,0.0,0.3225806451612903,0.13333333333333333,0.53125,0.6666666666666666,0.47755834829443444,1.0,0.0
0.009798070227792699,114.0,28.0,0.21188039826335087,1.0,1.0,1.0,1.0,1.0,1.0,3.0,1.0,1.0,2.0,4.0,0.0,0.1111111111111111,2.0,1.0,1.0,0.6842105263157895,0.5135135135135135,0.273224043715847,0.4375,0.5,0.4117647058823529,0.875,0.0,0.4117647058823529,0.8365758754863812,0.5984555984555985,0.0,0.0,0.9677419354838709,0.16666666666666666,0.53125,0.6666666666666666,0.47755834829443444,1.0,0.0
0.004874166915348652,115.0,2.0,0.36903793934001194,2.0,1.0,1.0,1.0,1.0,2.0,2.0,1.0,1.0,1.0,3.0,0.4230769230769231,0.8888888888888888,2.0,1.0,0.0,0.3157894736842105,0.5135135135135135,0.18032786885245902,0.44875,0.6956521739130435,0.7647058823529411,0.25,0.034782608695652174,0.47058823529411764,0.6653696498054474,0.7220077220077221,0.0,0.0,0.8064516129032258,0.19999999999999998,0.375,0.2,0.47755834829443444,1.0,0.0
0.0,116.0,19.0,0.17849746099443106,2.0,1.0,1.0,1.0,1.0,2.0,2.0,1.0,1.0,1.0,2.0,0.5,0.1111111111111111,1.0,1.0,0.0,0.3157894736842105,0.08108108108108109,0.36338797814207646,0.5,0.7608695652173914,0.4117647058823529,0.125,0.0318840579710145,0.5882352941176471,0.49805447470817105,0.895752895752896,0.0,0.0,0.8064516129032258,0.3333333333333333,0.0625,0.2,0.35906642728904853,1.0,0.0
0.009798070227792699,117.0,18.0,0.17639568599174632,2.0,1.0,1.0,1.0,1.0,2.0,2.0,1.0,1.0,1.0,2.0,0.5384615384615384,0.8888888888888888,3.0,2.0,1.0,0.2631578947368421,0.5135135135135135,0.36338797814207646,0.3125,0.5,0.7647058823529411,0.0,0.3159420289855073,0.8823529411764706,0.517509727626459,0.4942084942084941,0.0,0.0,0.8064516129032258,0.13333333333333333,0.0625,0.6666666666666666,0.47755834829443444,1.0,0.0
0.009798070227792699,118.0,18.0,0.17639568599174632,2.0,1.0,1.0,1.0,1.0,2.0,2.0,1.0,1.0,1.0,2.0,0.5384615384615384,0.1111111111111111,3.0,2.0,1.0,0.5789473684210527,0.5135135135135135,0.273224043715847,0.32499999999999996,0.5434782608695652,0.5294117647058824,0.3,0.30434782608695654,0.8823529411764706,0.45136186770428016,0.5714285714285714,0.0,0.0,0.8064516129032258,0.16666666666666666,0.0625,0.6666666666666666,0.35906642728904853,1.0,0.0
0.005371530886302597,119.0,11.0,0.1995305524446558,2.0,1.0,1.0,1.0,1.0,2.0,2.0,1.0,1.0,1.0,1.0,0.9615384615384616,0.1111111111111111,1.0,2.0,0.0,0.42105263157894735,0.5405405405405406,0.36338797814207646,0.375,0.391304347826087,0.5294117647058824,0.125,0.0,0.8235294117647058,0.7315175097276263,0.7027027027027029,0.0,0.0,0.6451612903225806,0.7666666666666666,0.0625,0.2,0.23698384201077183,1.0,0.0
0.000845518750621705,120.0,18.0,0.17638034456836904,2.0,1.0,1.0,1.0,1.0,1.0,2.0,1.0,1.0,2.0,1.0,0.9615384615384616,0.8888888888888888,1.0,2.0,0.0,0.3157894736842105,0.35135135135135137,0.36338797814207646,0.375,0.5434782608695652,0.7647058823529411,0.375,0.0,0.4823529411764706,0.7120622568093383,0.7220077220077221,0.0,0.0,0.48387096774193544,0.5,0.125,0.2,0.35906642728904853,1.0,0.0
0.000845518750621705,121.0,18.0,0.17638034456836904,2.0,1.0,1.0,1.0,1.0,1.0,2.0,1.0,1.0,2.0,1.0,0.9615384615384616,0.1111111111111111,1.0,2.0,0.0,0.3157894736842105,0.35135135135135137,0.45355191256830607,0.375,0.391304347826087,0.7647058823529411,0.25,0.0,0.4823529411764706,0.8054474708171206,0.6293436293436293,0.0,0.0,0.8064516129032258,1.0,0.15625,0.2,0.4739676840215442,1.0,0.0
0.004874166915348652,122.0,2.0,0.36903793934001194,1.0,1.0,1.0,1.0,1.0,1.0,1.0,1.0,1.0,1.0,3.0,0.4230769230769231,0.0,2.0,1.0,0.0,0.631578947368421,0.5135135135135135,0.18032786885245902,0.15375000000000005,0.4782608695652174,0.7647058823529411,0.25,0.5478260869565217,0.47058823529411764,0.24124513618677051,0.46332046332046334,0.0,0.0,0.6451612903225806,0.19999999999999998,0.375,0.2,0.35906642728904853,1.0,0.0
0.004874166915348652,123.0,2.0,0.36903793934001194,2.0,1.0,1.0,1.0,1.0,2.0,2.0,1.0,1.0,1.0,3.0,0.4230769230769231,1.0,2.0,1.0,0.0,0.3157894736842105,0.5135135135135135,0.273224043715847,0.3025,0.6521739130434783,0.7647058823529411,0.25,0.13043478260869565,0.47058823529411764,0.5914396887159533,0.6679536679536678,0.0,0.0,0.8064516129032258,0.3333333333333333,0.375,0.2,0.2441651705565529,1.0,0.0
0.004874166915348652,124.0,2.0,0.36903793934001194,1.0,1.0,1.0,1.0,1.0,1.0,1.0,1.0,1.0,1.0,4.0,0.0,0.1111111111111111,2.0,1.0,0.0,1.0,0.5135135135135135,0.09016393442622951,0.3125,0.5434782608695652,0.5294117647058824,0.75,0.063768115942029,0.5882352941176471,0.6108949416342413,0.7567567567567568,0.0,0.0,0.9677419354838709,0.3,0.375,0.2,0.35906642728904853,1.0,0.0
0.004874166915348652,125.0,2.0,0.36903793934001194,1.0,1.0,1.0,1.0,1.0,1.0,1.0,1.0,1.0,1.0,3.0,0.4230769230769231,0.4444444444444444,2.0,1.0,0.0,0.47368421052631576,0.5135135135135135,0.09016393442622951,0.5099999999999998,0.2608695652173913,0.7647058823529411,0.25,0.09565217391304347,0.47058823529411764,0.5642023346303501,0.7374517374517375,0.0,0.0,0.8064516129032258,0.3,0.375,0.0,0.47755834829443444,1.0,0.0
0.005371530886302597,126.0,17.0,0.17955601920746206,2.0,1.0,2.0,1.0,1.0,2.0,2.0,2.0,1.0,1.0,1.0,0.8461538461538461,0.8888888888888888,1.0,2.0,0.0,0.5263157894736842,0.35135135135135137,0.45355191256830607,0.4750000000000001,0.2826086956521739,0.5294117647058824,0.25,0.0,0.5882352941176471,0.6926070038910503,0.7413127413127415,0.4166666666666667,0.0,0.8064516129032258,0.39999999999999997,0.0625,0.2,0.35906642728904853,1.0,0.0
0.005371530886302597,127.0,17.0,0.17955601920746206,2.0,1.0,2.0,1.0,1.0,2.0,2.0,1.0,1.0,1.0,1.0,0.8461538461538461,0.1111111111111111,1.0,1.0,0.0,0.5263157894736842,0.35135135135135137,0.18032786885245902,0.4375,0.2391304347826087,0.5882352941176471,0.25,0.0,0.5882352941176471,0.6381322957198442,0.7953667953667954,0.8333333333333334,0.0,0.48387096774193544,0.3333333333333333,0.0625,0.2,0.35906642728904853,1.0,0.0
0.004874166915348652,128.0,29.0,0.2129389564763819,2.0,1.0,1.0,1.0,1.0,2.0,2.0,1.0,1.0,1.0,2.0,0.5,0.8888888888888888,2.0,2.0,0.0,0.3157894736842105,0.5135135135135135,0.18032786885245902,0.375,0.5,0.5294117647058824,0.2,0.0,0.5294117647058824,0.6926070038910503,0.7413127413127415,0.0,0.0,0.8064516129032258,0.39999999999999997,0.0625,0.2,0.35906642728904853,1.0,0.0
0.004874166915348652,129.0,29.0,0.2129389564763819,2.0,1.0,1.0,1.0,1.0,2.0,2.0,1.0,1.0,1.0,2.0,0.5,0.1111111111111111,2.0,2.0,0.0,0.3157894736842105,0.5135135135135135,0.36338797814207646,0.375,0.6739130434782609,0.5294117647058824,0.2,0.0,0.5294117647058824,0.6926070038910503,0.7413127413127415,0.0,0.0,0.8064516129032258,0.39999999999999997,0.0625,0.2,0.35906642728904853,1.0,0.0
0.009798070227792699,130.0,1.0,0.036451221944371996,1.0,1.0,1.0,1.0,1.0,1.0,1.0,1.0,1.0,2.0,1.0,0.7307692307692307,0.6666666666666666,1.0,1.0,1.0,0.3157894736842105,0.5135135135135135,0.45355191256830607,0.26249999999999996,0.5,0.5294117647058824,0.0,0.7188405797101449,0.5588235294117647,0.01167315175097265,0.45945945945945943,0.25,0.0,0.8064516129032258,0.26666666666666666,0.375,0.6666666666666666,0.47755834829443444,1.0,0.0
0.009648861036506515,53.0,30.0,0.21188039826335087,1.0,2.0,1.0,1.0,1.0,1.0,3.0,1.0,1.0,2.0,4.0,0.0,0.1111111111111111,2.0,1.0,0.0,0.5263157894736842,0.8108108108108109,0.09016393442622951,0.625,0.9347826086956522,0.4117647058823529,0.8,0.16231884057971013,0.4411764705882353,0.5642023346303501,0.6525096525096525,0.0,0.0,0.9677419354838709,0.19999999999999998,0.53125,0.6666666666666666,0.35906642728904853,1.0,1.0
0.009897543021983488,131.0,31.0,0.20865869935412606,2.0,1.0,1.0,1.0,1.0,2.0,2.0,1.0,1.0,1.0,3.0,0.4230769230769231,0.5555555555555556,2.0,4.0,1.0,0.47368421052631576,0.7297297297297297,0.45355191256830607,0.375,0.5869565217391305,0.5294117647058824,0.25,0.16231884057971013,0.5294117647058824,0.5914396887159533,0.6254826254826257,0.0,0.0,0.8064516129032258,0.3333333333333333,0.21875,0.6666666666666666,0.24057450628366264,1.0,0.0
0.009897543021983488,132.0,31.0,0.20865869935412606,2.0,1.0,1.0,1.0,1.0,2.0,2.0,1.0,1.0,1.0,3.0,0.4230769230769231,0.0,2.0,4.0,1.0,0.47368421052631576,0.7297297297297297,0.09016393442622951,0.375,0.5,0.5294117647058824,0.25,0.16231884057971013,0.5294117647058824,0.5914396887159533,0.6254826254826257,0.0,0.0,0.8064516129032258,0.3333333333333333,0.21875,0.6666666666666666,0.2477558348294437,1.0,0.0
0.010245697801651249,133.0,18.0,0.17641102741512357,2.0,1.0,1.0,1.0,1.0,2.0,2.0,1.0,1.0,1.0,2.0,0.5,0.8888888888888888,3.0,2.0,0.0,0.10526315789473684,0.6216216216216216,0.726775956284153,0.48750000000000004,0.5217391304347826,0.4117647058823529,0.25,0.0,0.7352941176470589,0.8365758754863812,0.5984555984555985,0.8333333333333334,0.0,0.8064516129032258,0.3333333333333333,0.0625,0.3333333333333333,0.0,1.0,0.0
0.010245697801651249,134.0,18.0,0.17641102741512357,2.0,1.0,1.0,1.0,1.0,2.0,2.0,1.0,1.0,1.0,2.0,0.5,0.1111111111111111,3.0,2.0,0.0,0.10526315789473684,0.6216216216216216,0.45355191256830607,0.5375000000000001,0.45652173913043476,0.4117647058823529,0.25,0.0,0.7352941176470589,0.6926070038910503,0.7413127413127415,0.8333333333333334,0.0,0.8064516129032258,0.3333333333333333,0.0625,0.3333333333333333,0.0,1.0,0.0
0.010096488610365065,135.0,11.0,0.21241734808155502,2.0,1.0,1.0,1.0,1.0,2.0,2.0,1.0,1.0,1.0,1.0,0.8461538461538461,0.1111111111111111,1.0,2.0,0.0,0.10526315789473684,0.43243243243243246,0.36338797814207646,0.5,0.2826086956521739,0.5882352941176471,0.0,0.0,0.7941176470588235,0.6926070038910503,0.7413127413127415,0.0,0.0,0.48387096774193544,0.19999999999999998,0.0625,0.3333333333333333,0.47755834829443444,1.0,0.0
0.010096488610365065,136.0,11.0,0.21241734808155502,2.0,1.0,1.0,1.0,1.0,2.0,2.0,2.0,1.0,1.0,1.0,0.8461538461538461,0.8888888888888888,1.0,2.0,0.0,0.10526315789473684,0.43243243243243246,0.45355191256830607,0.5,0.41304347826086957,0.6470588235294118,0.125,0.5536231884057972,0.7941176470588235,0.06614785992217909,0.6254826254826257,0.25,0.0,0.3870967741935484,0.16666666666666666,0.0625,0.3333333333333333,0.47755834829443444,1.0,0.0
0.010245697801651249,137.0,11.0,0.1995765767147876,2.0,1.0,1.0,1.0,1.0,2.0,2.0,1.0,1.0,1.0,1.0,0.9615384615384616,0.8888888888888888,1.0,2.0,0.0,0.10526315789473684,0.6216216216216216,0.8196721311475411,0.375,0.8913043478260869,0.5294117647058824,0.25,0.0,0.8235294117647058,0.6926070038910503,0.7413127413127415,0.5,0.0,0.7258064516129032,0.3333333333333333,0.0625,0.3333333333333333,0.35906642728904853,1.0,0.0
0.010245697801651249,138.0,11.0,0.1995765767147876,2.0,1.0,1.0,1.0,1.0,2.0,2.0,1.0,1.0,1.0,1.0,0.9615384615384616,0.1111111111111111,1.0,2.0,0.0,0.10526315789473684,0.6216216216216216,0.8196721311475411,0.375,0.8478260869565217,0.5294117647058824,0.25,0.0,0.8235294117647058,0.6926070038910503,0.7413127413127415,0.5,0.0,0.9677419354838709,0.25,0.0625,0.3333333333333333,0.35906642728904853,1.0,0.0
0.009798070227792699,139.0,32.0,0.19907030974333798,1.0,1.0,1.0,1.0,1.0,2.0,1.0,1.0,1.0,2.0,2.0,0.5,0.8888888888888888,1.0,2.0,0.0,0.5789473684210527,0.5135135135135135,0.726775956284153,0.5375000000000001,0.717391304347826,0.5294117647058824,0.45,0.0,0.5294117647058824,0.8365758754863812,0.6370656370656371,0.0,0.0,0.9354838709677419,0.3666666666666667,0.15625,0.3333333333333333,0.35906642728904853,1.0,0.0
0.009798070227792699,140.0,32.0,0.19907030974333798,1.0,1.0,1.0,1.0,1.0,2.0,1.0,1.0,1.0,2.0,2.0,0.5,0.1111111111111111,1.0,2.0,0.0,0.6421052631578947,0.5135135135135135,0.18032786885245902,0.375,0.5434782608695652,0.5294117647058824,0.45,0.0,0.5294117647058824,0.6926070038910503,0.7413127413127415,0.0,0.0,0.6451612903225806,0.3333333333333333,0.15625,0.3333333333333333,0.35906642728904853,1.0,0.0
0.009798070227792699,141.0,1.0,0.036451221944371996,1.0,2.0,1.0,1.0,1.0,1.0,1.0,1.0,3.0,1.0,1.0,0.7307692307692307,0.1111111111111111,1.0,1.0,0.0,0.3157894736842105,0.5135135135135135,0.09016393442622951,0.32499999999999996,0.6086956521739131,0.5294117647058824,0.0,0.6289855072463768,0.5588235294117647,0.09727626459143968,0.4942084942084941,0.0,0.0,0.8064516129032258,0.26666666666666666,0.375,0.6666666666666666,0.35906642728904853,1.0,0.0
0.010195961404555854,142.0,33.0,0.17410981390853444,1.0,1.0,1.0,1.0,1.0,1.0,1.0,1.0,1.0,1.0,3.0,0.4230769230769231,0.0,2.0,6.0,0.0,0.5263157894736842,0.4864864864864865,0.36338797814207646,0.5,0.17391304347826086,0.5294117647058824,0.25,0.4579710144927536,0.23529411764705882,0.33073929961089493,0.4903474903474905,0.0,0.0,0.8064516129032258,0.3333333333333333,0.0,0.3333333333333333,0.125673249551167,1.0,0.0
0.010195961404555854,143.0,33.0,0.17410981390853444,1.0,1.0,1.0,1.0,1.0,1.0,1.0,1.0,1.0,1.0,3.0,0.4230769230769231,0.5555555555555556,2.0,6.0,0.0,0.5263157894736842,0.4864864864864865,0.36338797814207646,0.5625,0.717391304347826,0.5294117647058824,0.25,0.327536231884058,0.23529411764705882,0.40856031128404663,0.5830115830115831,0.0,0.0,0.8064516129032258,0.2333333333333333,0.0,0.3333333333333333,0.35906642728904853,1.0,0.0
0.01059385258131901,144.0,34.0,0.22976849792123713,1.0,1.0,1.0,1.0,1.0,1.0,1.0,1.0,1.0,2.0,2.0,0.5,0.8888888888888888,2.0,1.0,0.0,0.6842105263157895,0.5405405405405406,0.45355191256830607,0.25,0.6304347826086957,0.5294117647058824,0.25,0.37681159420289856,0.47058823529411764,0.35019455252918286,0.5791505791505792,0.0,0.0,0.9354838709677419,0.3,0.1875,0.3333333333333333,0.35906642728904853,1.0,0.0
0.01059385258131901,145.0,34.0,0.22976849792123713,1.0,1.0,1.0,1.0,1.0,1.0,1.0,1.0,1.0,2.0,2.0,0.5,0.1111111111111111,2.0,1.0,0.0,0.631578947368421,0.5405405405405406,0.36338797814207646,0.125,0.6304347826086957,0.5294117647058824,0.2,0.3971014492753623,0.47058823529411764,0.31128404669260695,0.5907335907335907,0.0,0.0,0.9677419354838709,0.26666666666666666,0.1875,0.3333333333333333,0.35906642728904853,1.0,0.0
0.01004675221326967,146.0,35.0,0.21211051961400978,2.0,2.0,1.0,1.0,1.0,2.0,2.0,1.0,1.0,1.0,2.0,0.5,0.8888888888888888,2.0,2.0,0.0,0.3157894736842105,0.6756756756756757,0.09016393442622951,0.4375,0.5,0.5294117647058824,0.25,0.37681159420289856,0.5,0.517509727626459,0.40926640926640934,0.0,0.0,0.8870967741935484,0.3333333333333333,0.15625,0.6666666666666666,0.35906642728904853,1.0,0.0
0.01004675221326967,147.0,35.0,0.22745194299127072,2.0,2.0,1.0,1.0,1.0,2.0,2.0,1.0,1.0,1.0,2.0,0.5,0.1111111111111111,2.0,2.0,0.0,0.3157894736842105,0.6756756756756757,0.09016393442622951,0.375,0.45652173913043476,0.4117647058823529,0.35,0.43478260869565216,0.5,0.35019455252918286,0.5019305019305019,0.0,0.0,0.8064516129032258,0.3333333333333333,0.15625,0.6666666666666666,0.35906642728904853,1.0,0.0
0.010743061772605193,89.0,11.0,0.19959191813816485,2.0,1.0,1.0,1.0,1.0,2.0,2.0,1.0,1.0,1.0,1.0,0.8461538461538461,0.5555555555555556,1.0,2.0,1.0,0.5263157894736842,0.6216216216216216,0.36338797814207646,0.5,0.5,0.6470588235294118,0.1,0.0,0.7647058823529411,0.6926070038910503,0.7413127413127415,0.0,0.0,0.3870967741935484,0.19999999999999998,0.0625,0.8,0.1346499102333932,1.0,0.0
0.010743061772605193,10.0,11.0,0.19959191813816485,2.0,1.0,1.0,1.0,1.0,2.0,2.0,1.0,1.0,1.0,1.0,0.8461538461538461,0.1111111111111111,1.0,2.0,1.0,0.5263157894736842,0.6216216216216216,0.45355191256830607,0.4375,0.391304347826087,0.5882352941176471,0.1,0.0,0.7647058823529411,0.6926070038910503,0.7413127413127415,0.0,0.0,0.48387096774193544,0.19999999999999998,0.0625,0.8,0.35906642728904853,1.0,0.0
0.01477170993733214,148.0,20.0,0.17696331865670498,2.0,1.0,1.0,1.0,1.0,2.0,2.0,1.0,1.0,1.0,1.0,0.9615384615384616,0.8888888888888888,1.0,2.0,1.0,0.3157894736842105,0.32432432432432434,0.09016393442622951,0.375,0.391304347826087,0.5294117647058824,0.125,0.0,0.7058823529411765,0.7821011673151751,0.6525096525096525,0.0,0.0,0.7741935483870968,0.3666666666666667,0.15625,0.6666666666666666,0.2477558348294437,1.0,0.0
0.014721973540236745,149.0,1.0,0.036512587637881046,1.0,1.0,1.0,1.0,1.0,1.0,1.0,1.0,1.0,1.0,1.0,0.7307692307692307,0.1111111111111111,1.0,1.0,1.0,0.42105263157894735,0.32432432432432434,0.09016393442622951,0.25,0.5,0.5294117647058824,0.0,0.5217391304347826,0.5294117647058824,0.15564202334630348,0.5791505791505792,0.0,0.0,0.8064516129032258,0.26666666666666666,0.375,0.6666666666666666,0.2477558348294437,1.0,0.0
0.014970655525713717,150.0,2.0,0.3690532807633892,1.0,1.0,1.0,1.0,1.0,1.0,1.0,1.0,1.0,1.0,4.0,0.0,0.1111111111111111,2.0,1.0,0.0,0.3157894736842105,0.5675675675675675,0.36338797814207646,0.5625,0.5,0.5294117647058824,0.625,0.5884057971014492,0.29411764705882354,0.1245136186770429,0.5212355212355213,0.0,0.0,0.9677419354838709,0.19999999999999998,0.375,0.3333333333333333,0.35906642728904853,1.0,0.0
0.014970655525713717,151.0,2.0,0.3690532807633892,1.0,1.0,1.0,1.0,1.0,1.0,1.0,1.0,1.0,1.0,4.0,0.0,0.6666666666666666,2.0,1.0,1.0,0.10526315789473684,0.5675675675675675,0.726775956284153,0.5,0.2826086956521739,0.5294117647058824,1.0,0.6318840579710145,0.29411764705882354,0.17120622568093377,0.4169884169884169,0.0,0.0,0.9677419354838709,0.3,0.375,0.6666666666666666,0.2441651705565529,1.0,0.0
0.014970655525713717,152.0,3.0,0.2107297915100563,1.0,1.0,1.0,1.0,1.0,1.0,1.0,1.0,3.0,1.0,2.0,0.5,0.8888888888888888,2.0,1.0,0.0,0.2631578947368421,0.5675675675675675,0.36338797814207646,0.25,0.5434782608695652,0.4117647058823529,0.2,0.0,0.47058823529411764,0.6926070038910503,0.7413127413127415,0.16666666666666666,0.0,0.8064516129032258,0.16666666666666666,0.375,0.3333333333333333,0.35906642728904853,1.0,0.0
0.014970655525713717,153.0,2.0,0.3690532807633892,1.0,1.0,1.0,1.0,1.0,1.0,1.0,1.0,3.0,1.0,3.0,0.4230769230769231,0.4444444444444444,2.0,1.0,1.0,0.5263157894736842,0.5675675675675675,0.45355191256830607,0.32499999999999996,0.3695652173913043,0.5294117647058824,0.25,0.21739130434782608,0.29411764705882354,0.49805447470817105,0.6447876447876449,0.0,0.6666666666666666,0.7741935483870968,0.26666666666666666,0.375,0.6666666666666666,0.2441651705565529,1.0,0.0
0.014970655525713717,154.0,2.0,0.3690532807633892,1.0,1.0,1.0,1.0,1.0,1.0,1.0,1.0,3.0,1.0,3.0,0.4230769230769231,0.0,2.0,1.0,1.0,0.6842105263157895,0.5675675675675675,0.9098360655737704,0.2250000000000001,0.34782608695652173,0.5294117647058824,0.25,0.127536231884058,0.29411764705882354,0.4552529182879378,0.8069498069498069,0.0,0.0,0.6451612903225806,0.16666666666666666,0.375,0.6666666666666666,0.2441651705565529,1.0,0.0
0.014970655525713717,90.0,26.0,0.17897304511912615,2.0,1.0,1.0,1.0,1.0,2.0,2.0,1.0,1.0,1.0,1.0,0.8461538461538461,0.8888888888888888,1.0,2.0,1.0,0.10526315789473684,0.5675675675675675,0.09016393442622951,0.3374999999999999,0.6521739130434783,0.6470588235294118,0.0,0.0,0.7352941176470589,0.6926070038910503,0.7413127413127415,1.0,0.0,0.48387096774193544,0.19999999999999998,0.0625,0.6666666666666666,0.2441651705565529,1.0,0.0
0.014970655525713717,155.0,26.0,0.17897304511912615,2.0,1.0,1.0,1.0,1.0,2.0,2.0,1.0,1.0,1.0,1.0,0.8461538461538461,0.1111111111111111,1.0,2.0,0.0,0.3157894736842105,0.5675675675675675,0.45355191256830607,0.4125000000000001,0.6304347826086957,0.5882352941176471,0.3,0.0,0.7352941176470589,0.6926070038910503,0.7413127413127415,1.0,0.0,0.7096774193548387,0.26666666666666666,0.0625,0.3333333333333333,0.35906642728904853,1.0,0.0
0.014970655525713717,156.0,2.0,0.3690532807633892,1.0,1.0,1.0,1.0,1.0,2.0,2.0,1.0,1.0,1.0,3.0,0.4230769230769231,1.0,2.0,1.0,1.0,0.631578947368421,0.5675675675675675,0.6366120218579235,0.375,0.6521739130434783,0.5294117647058824,0.25,0.0,0.20588235294117646,0.8365758754863812,0.5984555984555985,0.0,0.0,0.8064516129032258,0.3333333333333333,0.375,0.6666666666666666,0.2441651705565529,1.0,0.0
0.014970655525713717,157.0,2.0,0.3690532807633892,1.0,1.0,1.0,1.0,1.0,2.0,2.0,1.0,1.0,1.0,3.0,0.4230769230769231,0.8888888888888888,2.0,1.0,1.0,0.631578947368421,0.5675675675675675,0.6366120218579235,0.375,0.782608695652174,0.5294117647058824,0.25,0.0,0.20588235294117646,0.8365758754863812,0.5984555984555985,0.0,0.0,0.8064516129032258,0.3333333333333333,0.375,0.6666666666666666,0.2441651705565529,1.0,0.0
0.015816174276335422,146.0,36.0,0.20858199223723978,1.0,1.0,1.0,1.0,1.0,1.0,1.0,1.0,1.0,2.0,4.0,0.0,0.1111111111111111,2.0,1.0,0.0,0.7368421052631579,0.4864864864864865,0.36338797814207646,0.75,1.0,0.4117647058823529,0.75,0.6405797101449275,0.4117647058823529,0.0,0.5752895752895753,0.0,0.0,0.9677419354838709,0.2333333333333333,0.375,0.3333333333333333,0.5457809694793538,1.0,0.0
0.01576643787924003,158.0,36.0,0.20858199223723978,1.0,1.0,1.0,1.0,1.0,1.0,1.0,1.0,1.0,2.0,4.0,0.0,0.6666666666666666,2.0,1.0,0.0,0.6842105263157895,0.4864864864864865,0.5464480874316939,0.3125,0.2826086956521739,0.4117647058823529,0.95,0.5855072463768116,0.4117647058823529,0.03891050583657587,0.6100386100386099,0.25,0.0,0.9677419354838709,0.3333333333333333,0.375,0.3333333333333333,0.5457809694793538,1.0,0.0
0.015617228687953845,159.0,9.0,0.193838884371692,1.0,1.0,1.0,1.0,1.0,1.0,1.0,1.0,1.0,2.0,4.0,0.0,0.6666666666666666,2.0,1.0,1.0,0.7894736842105263,0.7027027027027027,0.36338797814207646,0.25,0.6086956521739131,0.5294117647058824,0.75,0.10144927536231885,0.4470588235294118,0.6147859922178986,0.6833976833976836,0.16666666666666666,0.0,0.9677419354838709,0.3333333333333333,0.125,0.6666666666666666,0.1346499102333932,1.0,0.0
0.015617228687953845,160.0,9.0,0.193838884371692,1.0,1.0,1.0,1.0,1.0,1.0,1.0,1.0,1.0,2.0,4.0,0.0,0.1111111111111111,2.0,1.0,0.0,0.8421052631578947,0.7027027027027027,0.5464480874316939,0.3500000000000001,0.5,0.17647058823529413,0.625,0.5652173913043478,0.4470588235294118,0.054474708171206164,0.6216216216216217,0.0,0.0,0.9677419354838709,0.3333333333333333,0.125,0.3333333333333333,0.5457809694793538,1.0,0.0
0.015617228687953845,161.0,37.0,0.1785281438411856,2.0,1.0,1.0,1.0,1.0,2.0,2.0,1.0,1.0,1.0,1.0,1.0,0.1111111111111111,1.0,2.0,1.0,0.5263157894736842,0.7027027027027027,0.273224043715847,0.2749999999999999,0.6739130434782609,0.7647058823529411,0.225,0.0,0.8529411764705882,0.45136186770428016,0.9806949806949807,0.0,0.0,0.8064516129032258,0.3666666666666667,0.0625,0.6666666666666666,0.1346499102333932,1.0,0.0
0.015617228687953845,162.0,37.0,0.1785281438411856,2.0,1.0,1.0,1.0,1.0,2.0,2.0,1.0,1.0,1.0,1.0,1.0,1.0,1.0,2.0,0.0,0.5263157894736842,0.7027027027027027,0.45355191256830607,0.125,0.32608695652173914,0.7647058823529411,0.525,0.0,0.8529411764705882,0.6926070038910503,0.7413127413127415,0.0,0.0,0.6451612903225806,0.3333333333333333,0.0625,0.3333333333333333,0.5457809694793538,1.0,0.0
0.015617228687953845,163.0,5.0,0.18173450132703312,2.0,1.0,1.0,1.0,1.0,2.0,2.0,1.0,1.0,2.0,1.0,0.7307692307692307,0.1111111111111111,1.0,2.0,0.0,0.42105263157894735,0.7027027027027027,0.6366120218579235,0.25,0.45652173913043476,0.5294117647058824,0.0,0.7420289855072464,0.7058823529411765,0.06614785992217909,0.3745173745173745,0.0,0.0,0.8064516129032258,0.26666666666666666,0.0625,0.3333333333333333,0.5457809694793538,1.0,0.0
0.015617228687953845,164.0,5.0,0.18173450132703312,2.0,1.0,1.0,1.0,1.0,2.0,2.0,1.0,1.0,1.0,1.0,0.7307692307692307,0.6666666666666666,1.0,2.0,0.0,0.5263157894736842,0.7027027027027027,0.45355191256830607,0.13749999999999996,0.2826086956521739,0.5294117647058824,0.125,0.6289855072463768,0.7058823529411765,0.02723735408560322,0.5637065637065638,0.4166666666666667,0.0,0.8064516129032258,0.26666666666666666,0.0625,0.3333333333333333,0.5457809694793538,1.0,0.0
0.01049437978712822,165.0,18.0,0.17641102741512357,2.0,1.0,1.0,1.0,1.0,2.0,2.0,1.0,1.0,1.0,1.0,0.9615384615384616,0.1111111111111111,3.0,2.0,0.0,0.15789473684210525,0.5135135135135135,0.273224043715847,0.4375,0.45652173913043476,0.7647058823529411,0.125,0.0,0.5882352941176471,0.6926070038910503,0.7413127413127415,0.8333333333333334,0.0,0.8064516129032258,0.16666666666666666,0.0625,0.3333333333333333,0.11849192100538591,1.0,0.0
0.01049437978712822,166.0,18.0,0.17641102741512357,2.0,1.0,1.0,1.0,1.0,2.0,2.0,1.0,1.0,1.0,1.0,0.9615384615384616,0.8888888888888888,3.0,2.0,0.0,0.15789473684210525,0.5135135135135135,0.9098360655737704,0.4375,0.45652173913043476,0.7647058823529411,0.125,0.0,0.5882352941176471,0.6926070038910503,0.7413127413127415,0.8333333333333334,0.0,0.4516129032258064,0.26666666666666666,0.0625,0.3333333333333333,0.4739676840215442,1.0,0.0
0.015418283099572267,167.0,11.0,0.19971464952518295,2.0,1.0,1.0,1.0,1.0,2.0,2.0,1.0,1.0,1.0,1.0,0.9615384615384616,0.8888888888888888,1.0,2.0,1.0,0.3157894736842105,0.5135135135135135,0.09016393442622951,0.375,0.32608695652173914,0.5294117647058824,0.375,0.0,0.9411764705882353,0.6809338521400777,0.752895752895753,0.0,0.0,0.6774193548387097,0.3666666666666667,0.0625,0.6666666666666666,0.35906642728904853,1.0,0.0
0.015418283099572267,16.0,11.0,0.19971464952518295,2.0,1.0,1.0,1.0,1.0,2.0,2.0,1.0,1.0,1.0,1.0,0.9615384615384616,0.1111111111111111,1.0,2.0,1.0,0.3157894736842105,0.5135135135135135,0.5464480874316939,0.375,0.45652173913043476,0.5294117647058824,0.0,0.0,0.9411764705882353,0.7821011673151751,0.6525096525096525,0.0,0.0,0.8064516129032258,0.2333333333333333,0.0625,0.6666666666666666,0.35906642728904853,1.0,0.0
0.015368546702476872,168.0,11.0,0.19971464952518295,2.0,1.0,1.0,1.0,1.0,2.0,2.0,1.0,1.0,1.0,1.0,0.8461538461538461,0.8888888888888888,1.0,2.0,0.0,0.42105263157894735,0.5135135135135135,0.09016393442622951,0.375,0.5,0.5882352941176471,0.0,0.0,0.6470588235294118,0.6926070038910503,0.7413127413127415,0.0,0.0,0.48387096774193544,0.19999999999999998,0.15625,0.3333333333333333,0.7576301615798923,1.0,0.0
0.015965383467621604,169.0,5.0,0.18176518417378765,2.0,1.0,1.0,1.0,1.0,2.0,2.0,1.0,1.0,1.0,1.0,1.0,0.1111111111111111,1.0,1.0,0.0,0.3157894736842105,0.5135135135135135,0.6366120218579235,0.3999999999999999,0.6739130434782609,0.6470588235294118,0.25,0.1710144927536232,0.8235294117647058,0.33073929961089493,0.8725868725868727,0.6666666666666666,0.0,0.8064516129032258,0.3333333333333333,0.15625,0.3333333333333333,0.7576301615798923,1.0,0.0
0.015965383467621604,170.0,5.0,0.18176518417378765,2.0,1.0,1.0,1.0,1.0,2.0,2.0,1.0,1.0,1.0,1.0,1.0,0.8888888888888888,1.0,1.0,0.0,0.3157894736842105,0.5135135135135135,0.45355191256830607,0.3374999999999999,0.717391304347826,0.6470588235294118,0.25,0.0,0.8235294117647058,0.45136186770428016,0.9806949806949807,0.3333333333333333,0.0,0.9677419354838709,0.3666666666666667,0.15625,0.3333333333333333,0.7576301615798923,1.0,0.0
0.015965383467621604,171.0,33.0,3.068284675452188e-05,1.0,1.0,1.0,1.0,1.0,1.0,1.0,1.0,1.0,1.0,2.0,0.5384615384615384,0.1111111111111111,2.0,1.0,0.0,0.6842105263157895,0.5135135135135135,0.5464480874316939,0.5249999999999999,0.4782608695652174,0.29411764705882354,0.075,0.5507246376811594,0.35294117647058826,0.2568093385214008,0.4401544401544401,0.4166666666666667,0.0,0.9677419354838709,0.3333333333333333,0.125,0.3333333333333333,0.11849192100538591,1.0,0.0
0.015816174276335422,172.0,36.0,0.20858199223723978,1.0,1.0,1.0,1.0,1.0,1.0,1.0,1.0,1.0,2.0,4.0,0.0,0.1111111111111111,2.0,1.0,0.0,0.7368421052631579,0.4864864864864865,0.45355191256830607,0.5625,0.6739130434782609,0.5294117647058824,0.875,0.6405797101449275,0.38235294117647056,0.0,0.5752895752895753,0.0,0.0,0.9677419354838709,0.26666666666666666,0.375,0.3333333333333333,0.542190305206463,1.0,0.0
0.015965383467621604,173.0,33.0,3.068284675452188e-05,1.0,1.0,1.0,1.0,1.0,1.0,1.0,1.0,1.0,1.0,2.0,0.5384615384615384,0.8888888888888888,2.0,1.0,0.0,0.631578947368421,0.5135135135135135,0.36338797814207646,0.4750000000000001,0.4782608695652174,0.29411764705882354,0.25,0.35942028985507246,0.35294117647058826,0.40856031128404663,0.5444015444015445,0.0,0.0,0.9677419354838709,0.16666666666666666,0.125,0.3333333333333333,0.11849192100538591,1.0,0.0
0.015816174276335422,174.0,36.0,0.20858199223723978,1.0,1.0,1.0,1.0,1.0,1.0,1.0,1.0,1.0,2.0,4.0,0.0,0.6666666666666666,2.0,1.0,0.0,0.7368421052631579,0.4864864864864865,0.36338797814207646,0.3374999999999999,0.2826086956521739,0.5294117647058824,0.75,0.5855072463768116,0.38235294117647056,0.03891050583657587,0.6100386100386099,0.25,0.0,0.9677419354838709,0.3333333333333333,0.375,0.3333333333333333,0.7576301615798923,1.0,0.0
0.019496667661394608,175.0,11.0,0.21223325100102788,2.0,1.0,1.0,1.0,1.0,2.0,2.0,1.0,1.0,1.0,2.0,0.5384615384615384,0.1111111111111111,1.0,2.0,0.0,0.42105263157894735,0.4864864864864865,0.36338797814207646,0.3999999999999999,0.45652173913043476,0.7647058823529411,0.25,0.3855072463768116,0.7352941176470589,0.3891050583657587,0.5289575289575291,0.16666666666666666,0.0,0.8064516129032258,0.3666666666666667,0.0625,0.3333333333333333,0.7576301615798923,1.0,0.0
0.019994031632348554,176.0,11.0,0.21223325100102788,2.0,1.0,1.0,1.0,1.0,2.0,2.0,1.0,1.0,1.0,2.0,0.5384615384615384,0.8888888888888888,1.0,2.0,0.0,0.21052631578947367,0.4864864864864865,0.273224043715847,0.3374999999999999,0.5,0.7647058823529411,0.25,0.15942028985507245,0.7352941176470589,0.5680933852140078,0.6525096525096525,0.0,0.0,0.8064516129032258,0.13333333333333333,0.0625,0.3333333333333333,0.7576301615798923,1.0,0.0
0.019994031632348554,177.0,38.0,0.1755825905527515,2.0,1.0,1.0,1.0,1.0,2.0,1.0,1.0,1.0,2.0,2.0,0.5384615384615384,0.8888888888888888,1.0,1.0,0.0,0.3157894736842105,0.5135135135135135,0.45355191256830607,0.625,0.8043478260869565,0.058823529411764705,0.15,0.0,0.5882352941176471,0.6147859922178986,0.8185328185328187,0.0,0.0,0.8064516129032258,0.3,0.0625,0.3333333333333333,0.35906642728904853,1.0,0.0
0.019994031632348554,178.0,38.0,0.1755825905527515,2.0,1.0,1.0,1.0,1.0,2.0,1.0,1.0,1.0,2.0,2.0,0.5384615384615384,0.1111111111111111,1.0,1.0,1.0,0.3157894736842105,0.5135135135135135,0.09016393442622951,0.25,0.5,0.11764705882352941,0.35,0.09855072463768115,0.5882352941176471,0.6147859922178986,0.6872586872586872,0.0,0.0,0.8064516129032258,0.43333333333333335,0.0625,0.6666666666666666,0.5996409335727112,1.0,0.0
0.019795086043966976,179.0,20.0,0.17699400150345948,2.0,1.0,1.0,1.0,1.0,2.0,2.0,1.0,1.0,1.0,1.0,1.0,0.1111111111111111,1.0,2.0,0.0,0.10526315789473684,0.40540540540540543,0.09016393442622951,0.44999999999999996,0.5869565217391305,0.7647058823529411,0.25,0.0,0.8823529411764706,0.6926070038910503,0.7413127413127415,0.3333333333333333,0.0,0.8064516129032258,0.3,0.15625,0.3333333333333333,0.2441651705565529,1.0,0.0
0.019795086043966976,180.0,20.0,0.17699400150345948,2.0,1.0,1.0,1.0,1.0,2.0,2.0,1.0,1.0,1.0,1.0,1.0,0.8888888888888888,1.0,2.0,0.0,0.10526315789473684,0.40540540540540543,0.45355191256830607,0.4750000000000001,0.7608695652173914,0.7647058823529411,0.25,0.0,0.8823529411764706,0.6809338521400777,0.7413127413127415,0.16666666666666666,0.0,0.9677419354838709,0.4666666666666666,0.15625,0.3333333333333333,0.2441651705565529,1.0,0.0
0.019944295235253158,181.0,39.0,0.2106070601230382,1.0,1.0,1.0,1.0,1.0,1.0,1.0,1.0,3.0,1.0,4.0,0.0,0.6666666666666666,2.0,1.0,0.0,0.42105263157894735,0.40540540540540543,0.09016393442622951,0.3125,0.2826086956521739,0.5294117647058824,0.55,0.15362318840579708,0.47058823529411764,0.45136186770428016,0.7760617760617762,0.0,0.0,0.9677419354838709,0.26666666666666666,0.375,1.0,0.35906642728904853,1.0,0.0
0.019944295235253158,182.0,39.0,0.2106070601230382,1.0,1.0,1.0,1.0,1.0,1.0,1.0,1.0,3.0,1.0,4.0,0.0,0.1111111111111111,3.0,1.0,0.0,0.3157894736842105,0.40540540540540543,0.273224043715847,0.1875,0.391304347826087,0.5294117647058824,0.625,0.0,0.47058823529411764,0.6926070038910503,0.7413127413127415,0.0,0.0,0.9677419354838709,0.19999999999999998,0.375,0.3333333333333333,0.35906642728904853,1.0,0.0
0.019894558838157765,66.0,1.0,0.03658929475476735,1.0,1.0,1.0,1.0,1.0,1.0,1.0,1.0,1.0,1.0,1.0,0.7307692307692307,0.6666666666666666,1.0,1.0,0.0,0.5263157894736842,0.40540540540540543,0.09016393442622951,0.5249999999999999,0.391304347826087,0.5294117647058824,0.125,0.09565217391304347,0.5588235294117647,0.5408560311284045,0.7644787644787644,0.16666666666666666,0.0,0.8709677419354839,0.3,0.375,0.3333333333333333,0.35906642728904853,1.0,0.0
0.02009350442653934,183.0,40.0,0.22963042511084178,1.0,1.0,1.0,1.0,1.0,1.0,1.0,1.0,1.0,2.0,4.0,0.0,0.6666666666666666,2.0,6.0,0.0,0.42105263157894735,0.5135135135135135,0.45355191256830607,0.3500000000000001,0.2826086956521739,0.5294117647058824,0.75,0.37681159420289856,0.3058823529411765,0.517509727626459,0.40926640926640934,0.0,0.0,0.9677419354838709,0.3,0.0,0.3333333333333333,0.6068222621184922,1.0,0.0
0.02009350442653934,184.0,40.0,0.22963042511084178,1.0,1.0,1.0,1.0,1.0,1.0,1.0,1.0,1.0,2.0,4.0,0.0,0.1111111111111111,2.0,6.0,0.0,0.42105263157894735,0.5135135135135135,0.18032786885245902,0.2875000000000001,0.21739130434782608,0.5294117647058824,0.625,0.3565217391304348,0.3058823529411765,0.40856031128404663,0.5444015444015445,0.0,0.0,0.9677419354838709,0.19999999999999998,0.0,0.3333333333333333,0.6068222621184922,1.0,0.0
0.020043768029443947,118.0,18.0,0.1764417102618781,2.0,1.0,1.0,1.0,1.0,2.0,2.0,1.0,1.0,2.0,2.0,0.5,0.1111111111111111,3.0,2.0,1.0,0.42105263157894735,0.5135135135135135,0.273224043715847,0.25,0.717391304347826,0.5294117647058824,0.25,0.0,0.6470588235294118,0.6926070038910503,0.7413127413127415,0.0,0.0,0.9677419354838709,0.3333333333333333,0.15625,0.6666666666666666,0.47755834829443444,1.0,0.0
0.020043768029443947,185.0,41.0,0.1707040179187825,2.0,1.0,1.0,1.0,1.0,2.0,2.0,1.0,1.0,2.0,1.0,0.7307692307692307,0.6666666666666666,1.0,1.0,0.0,0.10526315789473684,0.5135135135135135,0.18032786885245902,0.4750000000000001,0.2391304347826087,0.5294117647058824,0.125,0.1855072463768116,0.6470588235294118,0.4747081712062257,0.7104247104247104,0.3333333333333333,0.0,0.7419354838709676,0.26666666666666666,0.21875,0.3333333333333333,0.6068222621184922,1.0,0.0
0.02009350442653934,186.0,38.0,0.1755825905527515,2.0,1.0,1.0,1.0,1.0,2.0,2.0,1.0,1.0,1.0,1.0,0.8461538461538461,0.8888888888888888,1.0,1.0,0.0,0.10526315789473684,0.5135135135135135,0.9098360655737704,0.19999999999999996,0.2826086956521739,0.5882352941176471,0.25,0.0,0.6470588235294118,0.6926070038910503,0.7413127413127415,0.0,0.0,0.7419354838709676,0.3,0.0625,0.3333333333333333,0.35906642728904853,1.0,0.0
0.020043768029443947,187.0,41.0,0.1707040179187825,2.0,1.0,1.0,1.0,1.0,2.0,2.0,1.0,1.0,1.0,1.0,0.7307692307692307,0.1111111111111111,1.0,1.0,0.0,0.10526315789473684,0.5135135135135135,0.45355191256830607,0.6000000000000001,0.30434782608695654,0.5294117647058824,0.125,0.5217391304347826,0.6470588235294118,0.15564202334630348,0.5752895752895753,0.0,0.0,0.8064516129032258,0.3,0.21875,0.3333333333333333,0.6068222621184922,1.0,0.0
0.02009350442653934,188.0,38.0,0.1755825905527515,2.0,1.0,1.0,1.0,1.0,2.0,2.0,1.0,1.0,1.0,1.0,0.8461538461538461,0.1111111111111111,1.0,1.0,0.0,0.10526315789473684,0.5135135135135135,0.0,0.32499999999999996,0.2826086956521739,0.5882352941176471,0.25,0.0,0.6470588235294118,0.6926070038910503,0.7413127413127415,0.0,0.0,0.48387096774193544,0.19999999999999998,0.0625,0.3333333333333333,0.6068222621184922,1.0,0.0
0.020143240823634737,189.0,18.0,0.1764417102618781,2.0,1.0,1.0,1.0,1.0,2.0,2.0,1.0,1.0,1.0,2.0,0.5384615384615384,0.8888888888888888,3.0,2.0,0.0,0.42105263157894735,0.5135135135135135,0.0,0.75,0.717391304347826,0.29411764705882354,0.15,0.24057971014492754,0.5735294117647058,0.43190661478599224,0.6795366795366796,0.0,0.0,0.9677419354838709,0.3333333333333333,0.15625,0.3333333333333333,0.6068222621184922,1.0,0.0
0.020043768029443947,38.0,18.0,0.1764417102618781,2.0,1.0,1.0,1.0,1.0,2.0,2.0,1.0,1.0,1.0,2.0,0.5,0.8888888888888888,3.0,2.0,0.0,0.42105263157894735,0.5135135135135135,0.5464480874316939,0.375,0.9347826086956522,0.5294117647058824,0.325,0.06666666666666667,0.6470588235294118,0.6147859922178986,0.7297297297297297,0.0,0.0,0.8870967741935484,0.3,0.15625,0.3333333333333333,0.6068222621184922,1.0,0.0
0.020391922809111708,190.0,40.0,0.22963042511084178,1.0,1.0,1.0,1.0,1.0,1.0,1.0,1.0,1.0,1.0,3.0,0.4230769230769231,0.0,2.0,1.0,0.0,0.42105263157894735,0.5675675675675675,0.36338797814207646,0.4375,0.45652173913043476,0.5294117647058824,0.25,0.3217391304347826,0.2647058823529412,0.5642023346303501,0.4362934362934362,0.0,0.0,0.7096774193548387,0.3,0.0,0.3333333333333333,0.35906642728904853,1.0,0.0
0.020391922809111708,191.0,40.0,0.22963042511084178,1.0,1.0,1.0,1.0,1.0,1.0,1.0,1.0,1.0,1.0,3.0,0.4230769230769231,0.4444444444444444,2.0,1.0,1.0,0.42105263157894735,0.5675675675675675,0.18032786885245902,0.5,0.15217391304347827,0.5294117647058824,0.25,0.3217391304347826,0.2647058823529412,0.5642023346303501,0.4362934362934362,0.0,0.0,0.8064516129032258,0.16666666666666666,0.0,0.6666666666666666,0.47755834829443444,1.0,0.0
0.020342186412016315,192.0,42.0,0.17038184802786002,1.0,1.0,1.0,1.0,1.0,1.0,1.0,1.0,1.0,2.0,1.0,1.0,0.1111111111111111,1.0,1.0,0.0,0.42105263157894735,0.5675675675675675,0.45355191256830607,0.36250000000000004,0.6086956521739131,0.7647058823529411,0.25,0.5014492753623189,0.4117647058823529,0.27626459143968873,0.48648648648648657,0.0,0.0,0.9032258064516128,0.3333333333333333,0.375,0.3333333333333333,0.35906642728904853,1.0,0.0
0.020342186412016315,193.0,42.0,0.17038184802786002,1.0,1.0,1.0,1.0,1.0,1.0,1.0,1.0,1.0,2.0,1.0,1.0,1.0,1.0,2.0,0.0,0.10526315789473684,0.5675675675675675,0.5464480874316939,0.3374999999999999,0.5652173913043478,0.7647058823529411,0.25,0.3130434782608696,0.4117647058823529,0.49805447470817105,0.5212355212355213,0.0,1.0,0.8387096774193549,0.39999999999999997,0.375,0.3333333333333333,0.35906642728904853,1.0,0.0
0.0204416592062071,194.0,20.0,0.17699400150345948,2.0,1.0,1.0,1.0,1.0,2.0,2.0,1.0,1.0,1.0,1.0,1.0,0.1111111111111111,1.0,2.0,0.0,0.6842105263157895,0.5945945945945946,0.5464480874316939,0.4125000000000001,0.5869565217391305,0.7647058823529411,0.25,0.5507246376811594,0.8823529411764706,0.2568093385214008,0.4362934362934362,0.0,0.0,0.9677419354838709,0.3333333333333333,0.15625,0.6666666666666666,0.1346499102333932,1.0,0.0
0.0204416592062071,30.0,20.0,0.17699400150345948,2.0,1.0,1.0,1.0,1.0,2.0,2.0,1.0,1.0,1.0,1.0,1.0,1.0,1.0,2.0,0.0,0.6842105263157895,0.5945945945945946,0.09016393442622951,0.2749999999999999,0.45652173913043476,0.7647058823529411,0.25,0.30434782608695654,0.8823529411764706,0.45136186770428016,0.5714285714285714,0.0,0.0,0.8064516129032258,0.3333333333333333,0.15625,0.6666666666666666,0.1346499102333932,1.0,0.0
0.02098875957425644,195.0,1.0,0.03665066044827639,1.0,1.0,1.0,1.0,1.0,1.0,1.0,1.0,1.0,2.0,1.0,0.7307692307692307,0.6666666666666666,1.0,1.0,1.0,0.6842105263157895,0.43243243243243246,0.45355191256830607,0.3999999999999999,0.2826086956521739,0.4117647058823529,0.125,0.3217391304347826,0.5588235294117647,0.3696498054474708,0.6332046332046332,0.25,0.0,0.8064516129032258,0.26666666666666666,0.1875,0.0,0.35906642728904853,1.0,0.0
0.02098875957425644,130.0,1.0,0.03665066044827639,1.0,1.0,1.0,1.0,1.0,1.0,1.0,1.0,1.0,2.0,1.0,0.7307692307692307,0.1111111111111111,1.0,1.0,1.0,0.6842105263157895,0.43243243243243246,0.273224043715847,0.44999999999999996,0.5217391304347826,0.5294117647058824,0.125,0.28405797101449276,0.5588235294117647,0.31128404669260695,0.7413127413127415,0.0,0.0,0.8709677419354839,0.19999999999999998,0.1875,0.0,0.35906642728904853,1.0,0.0
0.020690341191684076,196.0,20.0,0.22958440084071,2.0,1.0,1.0,1.0,1.0,1.0,2.0,1.0,1.0,1.0,1.0,0.8461538461538461,0.1111111111111111,1.0,1.0,0.0,0.3157894736842105,0.5405405405405406,1.0,0.42500000000000004,0.5,0.5882352941176471,0.25,0.29565217391304344,0.8823529411764706,0.3891050583657587,0.6486486486486486,0.0,0.0,0.5483870967741935,0.2333333333333333,0.0625,1.0,0.1346499102333932,1.0,0.0
0.020690341191684076,168.0,20.0,0.22958440084071,2.0,1.0,1.0,1.0,1.0,1.0,2.0,1.0,1.0,1.0,1.0,0.8461538461538461,0.8888888888888888,1.0,1.0,0.0,0.42105263157894735,0.5405405405405406,0.36338797814207646,0.5125000000000002,0.5434782608695652,0.5294117647058824,0.25,0.0,0.8823529411764706,0.6926070038910503,0.7413127413127415,0.0,0.0,0.6451612903225806,0.26666666666666666,0.0625,1.0,0.1346499102333932,1.0,0.0
0.02064060479458868,197.0,43.0,0.17414049675528895,1.0,1.0,1.0,1.0,1.0,1.0,1.0,1.0,1.0,1.0,3.0,0.4230769230769231,0.0,2.0,1.0,1.0,0.3157894736842105,0.5135135135135135,0.36338797814207646,0.375,0.2826086956521739,0.5294117647058824,0.25,0.2898550724637681,0.5294117647058824,0.35019455252918286,0.694980694980695,0.0,0.0,0.8064516129032258,0.26666666666666666,1.0,0.0,0.35906642728904853,1.0,0.0
0.02064060479458868,24.0,43.0,0.17414049675528895,1.0,1.0,1.0,1.0,1.0,1.0,1.0,1.0,1.0,1.0,3.0,0.4230769230769231,0.4444444444444444,2.0,1.0,0.0,0.3684210526315789,0.5135135135135135,0.36338797814207646,0.375,0.2826086956521739,0.5294117647058824,0.25,0.3884057971014493,0.35294117647058826,0.27626459143968873,0.6370656370656371,0.16666666666666666,0.0,0.8064516129032258,0.3333333333333333,1.0,1.0,0.1346499102333932,1.0,0.0
0.020491395603302497,28.0,27.0,0.16903180277066107,1.0,1.0,1.0,1.0,1.0,1.0,1.0,1.0,1.0,2.0,4.0,0.0,0.6666666666666666,2.0,2.0,0.0,0.5789473684210527,0.5405405405405406,0.45355191256830607,0.25,0.2826086956521739,0.4117647058823529,0.875,0.2289855072463768,0.4117647058823529,0.6420233463035019,0.48030888030888025,0.3333333333333333,0.0,0.9677419354838709,0.26666666666666666,0.375,1.0,0.1346499102333932,1.0,0.0
0.020491395603302497,198.0,27.0,0.16903180277066107,1.0,1.0,1.0,1.0,1.0,1.0,1.0,1.0,1.0,1.0,4.0,0.0,0.1111111111111111,2.0,2.0,0.0,0.5789473684210527,0.5405405405405406,0.726775956284153,0.25,0.5,0.5294117647058824,0.875,0.28695652173913044,0.4117647058823529,0.33073929961089493,0.7181467181467183,0.0,0.0,0.9677419354838709,0.16666666666666666,0.375,1.0,0.1346499102333932,1.0,0.0
0.025465035312841937,199.0,18.0,0.1764723931086326,2.0,1.0,1.0,1.0,1.0,2.0,2.0,1.0,1.0,1.0,2.0,0.5,0.0,3.0,2.0,0.0,0.21052631578947367,1.0,0.5464480874316939,0.3999999999999999,0.32608695652173914,0.7647058823529411,0.4,0.0,0.7647058823529411,0.9416342412451362,0.4942084942084941,0.0,0.0,0.8064516129032258,0.3333333333333333,0.0625,0.6666666666666666,0.12926391382405727,0.0,1.0
0.024868198547697205,200.0,2.0,0.36903793934001194,1.0,1.0,1.0,1.0,1.0,1.0,1.0,1.0,1.0,2.0,4.0,0.0,0.6666666666666666,2.0,1.0,1.0,0.7368421052631579,0.40540540540540543,0.18032786885245902,0.3125,0.2826086956521739,0.5294117647058824,0.625,0.45217391304347826,0.4411764705882353,0.18677042801556407,0.6370656370656371,0.16666666666666666,0.0,0.8064516129032258,0.3333333333333333,0.375,0.6666666666666666,0.35906642728904853,1.0,0.0
0.024868198547697205,201.0,2.0,0.3690686221867665,1.0,1.0,1.0,1.0,1.0,1.0,1.0,1.0,1.0,2.0,2.0,0.5384615384615384,0.1111111111111111,2.0,1.0,0.0,0.7368421052631579,0.40540540540540543,0.273224043715847,0.36250000000000004,0.6739130434782609,0.17647058823529413,0.3,0.2985507246376812,0.47058823529411764,0.40856031128404663,0.6216216216216217,0.4166666666666667,0.0,0.9677419354838709,0.43333333333333335,0.375,0.6666666666666666,0.47755834829443444,1.0,0.0
0.024868198547697205,202.0,2.0,0.36903793934001194,1.0,1.0,1.0,1.0,1.0,1.0,1.0,1.0,1.0,2.0,4.0,0.0,0.1111111111111111,2.0,1.0,0.0,0.7368421052631579,0.40540540540540543,0.36338797814207646,0.3125,0.06521739130434782,0.5294117647058824,0.5,0.5507246376811594,0.4411764705882353,0.2568093385214008,0.4362934362934362,0.0,0.0,0.8064516129032258,0.3333333333333333,0.375,0.6666666666666666,0.47755834829443444,1.0,0.0
0.024868198547697205,203.0,2.0,0.3690686221867665,1.0,1.0,1.0,2.0,1.0,1.0,1.0,1.0,1.0,2.0,2.0,0.5384615384615384,0.8888888888888888,2.0,1.0,0.0,0.8421052631578947,0.40540540540540543,0.273224043715847,0.375,0.6304347826086957,0.058823529411764705,0.2,0.30434782608695654,0.47058823529411764,0.45136186770428016,0.5714285714285714,0.16666666666666666,0.0,0.8064516129032258,0.19999999999999998,0.375,0.6666666666666666,0.47755834829443444,1.0,0.0
0.024917934944792598,204.0,2.0,0.3690686221867665,1.0,1.0,1.0,1.0,1.0,1.0,1.0,1.0,1.0,1.0,3.0,0.4230769230769231,0.4444444444444444,2.0,1.0,1.0,0.631578947368421,0.32432432432432434,0.5464480874316939,0.125,0.2826086956521739,0.5294117647058824,0.25,0.408695652173913,0.4117647058823529,0.3696498054474708,0.5135135135135135,0.0,0.0,0.8064516129032258,0.16666666666666666,0.375,0.3333333333333333,0.5834829443447039,1.0,0.0
0.024917934944792598,205.0,2.0,0.3690686221867665,1.0,1.0,1.0,1.0,1.0,1.0,1.0,1.0,1.0,1.0,3.0,0.4230769230769231,0.0,2.0,1.0,1.0,0.8421052631578947,0.32432432432432434,0.5464480874316939,0.0,0.2391304347826087,0.5294117647058824,0.25,0.0,0.4117647058823529,0.6926070038910503,0.7413127413127415,0.0,0.0,0.9032258064516128,0.26666666666666666,0.375,0.3333333333333333,0.5834829443447039,1.0,0.0
0.024917934944792598,206.0,2.0,0.3690686221867665,1.0,1.0,1.0,1.0,1.0,2.0,2.0,1.0,1.0,1.0,3.0,0.4230769230769231,1.0,2.0,1.0,1.0,0.631578947368421,0.32432432432432434,0.18032786885245902,0.4375,0.3695652173913043,0.5294117647058824,0.25,0.0,0.4117647058823529,0.8365758754863812,0.5984555984555985,0.0,0.0,0.8064516129032258,0.3333333333333333,0.375,0.3333333333333333,0.5834829443447039,1.0,0.0
0.024917934944792598,207.0,2.0,0.3690686221867665,1.0,1.0,1.0,1.0,1.0,2.0,2.0,1.0,1.0,1.0,3.0,0.4230769230769231,0.8888888888888888,2.0,1.0,0.0,0.631578947368421,0.32432432432432434,0.09016393442622951,0.25,0.30434782608695654,0.5294117647058824,0.25,0.0,0.4117647058823529,0.8365758754863812,0.5984555984555985,0.0,0.0,0.8064516129032258,0.2333333333333333,0.375,0.6666666666666666,0.010771992818671354,1.0,0.0
0.025166616930269572,203.0,2.0,0.3690686221867665,1.0,1.0,1.0,1.0,1.0,1.0,1.0,1.0,1.0,1.0,2.0,0.5384615384615384,0.8888888888888888,2.0,1.0,0.0,0.8421052631578947,0.6756756756756757,0.273224043715847,0.3125,0.5,0.058823529411764705,0.45,0.4579710144927536,0.5882352941176471,0.33073929961089493,0.48648648648648657,0.0,0.0,0.9354838709677419,0.2333333333333333,0.375,0.6666666666666666,0.47755834829443444,1.0,0.0
0.025166616930269572,201.0,2.0,0.3690686221867665,1.0,1.0,1.0,1.0,1.0,1.0,1.0,1.0,1.0,1.0,2.0,0.5384615384615384,0.1111111111111111,2.0,1.0,0.0,0.7368421052631579,0.6756756756756757,0.273224043715847,0.25,0.41304347826086957,0.17647058823529413,0.25,0.2985507246376812,0.5882352941176471,0.40856031128404663,0.6216216216216217,0.4166666666666667,0.0,0.8387096774193549,0.3666666666666667,0.375,0.6666666666666666,0.47755834829443444,1.0,0.0
0.02944394708047349,45.0,17.0,0.1795867020542166,2.0,1.0,2.0,1.0,1.0,2.0,2.0,1.0,1.0,1.0,1.0,0.8461538461538461,0.1111111111111111,1.0,2.0,0.0,0.3684210526315789,0.35135135135135137,0.09016393442622951,0.5,0.2826086956521739,0.5882352941176471,0.375,0.0,0.6764705882352942,1.0,0.4362934362934362,0.16666666666666666,0.0,0.5483870967741935,0.3333333333333333,0.0625,0.6666666666666666,0.12746858168761213,0.0,0.0
0.02944394708047349,208.0,17.0,0.1795867020542166,2.0,1.0,2.0,1.0,1.0,2.0,2.0,1.0,1.0,2.0,1.0,0.8461538461538461,0.8888888888888888,1.0,2.0,0.0,0.3684210526315789,0.35135135135135137,0.09016393442622951,0.375,0.41304347826086957,0.6470588235294118,0.25,0.10434782608695653,0.6764705882352942,0.7470817120622568,0.5482625482625484,0.0,0.0,0.8064516129032258,0.3333333333333333,0.0625,0.6666666666666666,0.12746858168761213,0.0,0.0
0.02571371729831891,209.0,38.0,0.20756945829434054,2.0,1.0,1.0,1.0,1.0,2.0,2.0,1.0,1.0,2.0,1.0,0.9615384615384616,0.8888888888888888,1.0,6.0,1.0,0.21052631578947367,0.35135135135135137,0.18032786885245902,0.3125,0.41304347826086957,0.5294117647058824,0.0,0.0,0.7794117647058824,0.8365758754863812,0.5984555984555985,0.3333333333333333,0.0,0.8709677419354839,0.39999999999999997,0.15625,0.6666666666666666,0.5834829443447039,0.0,0.0
0.02571371729831891,210.0,38.0,0.20756945829434054,2.0,1.0,1.0,1.0,1.0,2.0,2.0,1.0,1.0,2.0,1.0,0.9615384615384616,0.1111111111111111,1.0,6.0,1.0,0.21052631578947367,0.35135135135135137,0.36338797814207646,0.3125,0.3695652173913043,0.5294117647058824,0.0,0.0,0.7794117647058824,0.8365758754863812,0.5984555984555985,0.3333333333333333,0.0,0.6451612903225806,0.39999999999999997,0.15625,0.6666666666666666,0.5834829443447039,0.0,0.0
0.02571371729831891,211.0,18.0,0.1764723931086326,2.0,1.0,1.0,1.0,1.0,2.0,2.0,1.0,1.0,1.0,2.0,0.5,0.8888888888888888,3.0,2.0,0.0,0.10526315789473684,0.35135135135135137,0.18032786885245902,0.375,0.6739130434782609,0.5294117647058824,0.375,0.22318840579710145,0.5294117647058824,0.6498054474708171,0.48648648648648657,0.0,0.0,0.9032258064516128,0.26666666666666666,0.0625,0.6666666666666666,0.35906642728904853,0.0,0.0
0.02571371729831891,212.0,1.0,0.036696684718408173,1.0,1.0,1.0,1.0,1.0,1.0,1.0,1.0,1.0,2.0,1.0,0.7307692307692307,0.1111111111111111,1.0,1.0,1.0,0.47368421052631576,0.3783783783783784,0.726775956284153,0.3125,0.6739130434782609,0.4117647058823529,0.125,1.0,0.6470588235294118,0.09727626459143968,0.0,0.0,0.0,0.8064516129032258,0.2333333333333333,0.375,0.6666666666666666,0.2502692998204668,0.0,0.0
0.025614244504128122,202.0,2.0,0.3690686221867665,1.0,1.0,1.0,1.0,1.0,1.0,1.0,1.0,1.0,1.0,3.0,0.4230769230769231,0.0,2.0,1.0,1.0,0.7368421052631579,0.35135135135135137,0.5464480874316939,0.25,0.41304347826086957,0.7647058823529411,0.25,0.16231884057971013,0.4117647058823529,0.5680933852140078,0.6486486486486486,0.0,0.0,0.8064516129032258,0.2333333333333333,0.375,0.6666666666666666,0.2502692998204668,0.0,0.0
0.025614244504128122,200.0,2.0,0.3690686221867665,1.0,1.0,1.0,1.0,1.0,1.0,1.0,1.0,1.0,1.0,3.0,0.4230769230769231,0.4444444444444444,2.0,1.0,1.0,0.7368421052631579,0.35135135135135137,0.6366120218579235,0.5,0.32608695652173914,0.7647058823529411,0.25,0.4405797101449275,0.4117647058823529,0.14007782101167318,0.7027027027027029,0.0,0.6666666666666666,0.6774193548387097,0.2333333333333333,0.375,0.6666666666666666,0.2502692998204668,0.0,0.0
0.02974236546304586,213.0,44.0,0.230290106316064,1.0,1.0,1.0,1.0,1.0,1.0,1.0,1.0,1.0,1.0,4.0,0.0,0.6666666666666666,2.0,1.0,1.0,0.3684210526315789,0.4594594594594595,0.45355191256830607,0.6000000000000001,0.5,0.4117647058823529,0.5,0.0,0.47058823529411764,0.517509727626459,0.9150579150579152,0.25,0.0,0.9677419354838709,0.3333333333333333,0.1875,0.6666666666666666,0.6247755834829447,1.0,0.0
0.02974236546304586,214.0,4.0,0.20172437598760412,2.0,1.0,1.0,1.0,1.0,1.0,1.0,1.0,1.0,1.0,2.0,0.5,0.8888888888888888,1.0,6.0,1.0,0.47368421052631576,0.4864864864864865,0.36338797814207646,0.375,0.32608695652173914,0.5294117647058824,0.125,0.6376811594202898,0.35294117647058826,0.19066147859922172,0.38996138996139,0.0,0.0,0.8064516129032258,0.26666666666666666,0.21875,0.6666666666666666,0.8725314183123879,1.0,1.0
0.02974236546304586,215.0,44.0,0.230290106316064,1.0,1.0,1.0,1.0,1.0,1.0,1.0,1.0,1.0,2.0,4.0,0.0,0.1111111111111111,2.0,1.0,0.0,0.3684210526315789,0.4594594594594595,0.18032786885245902,0.75,0.2826086956521739,0.4117647058823529,0.625,0.0,0.47058823529411764,0.6926070038910503,0.7413127413127415,0.0,0.0,0.9677419354838709,0.2333333333333333,0.1875,0.6666666666666666,0.4712746858168762,1.0,0.0
0.0302397294339998,145.0,45.0,0.23306690394734825,1.0,1.0,1.0,1.0,1.0,1.0,1.0,1.0,3.0,1.0,4.0,0.0,0.6666666666666666,2.0,6.0,1.0,0.7368421052631579,0.2972972972972973,0.45355191256830607,0.375,0.5,0.4117647058823529,0.75,0.35942028985507246,0.2888235294117647,0.40856031128404663,0.5444015444015445,0.16666666666666666,0.0,0.8709677419354839,0.3333333333333333,0.328125,0.6666666666666666,0.8721723518850991,1.0,0.0
0.0302397294339998,216.0,45.0,0.23306690394734825,1.0,1.0,1.0,1.0,1.0,1.0,1.0,1.0,3.0,1.0,4.0,0.0,0.1111111111111111,2.0,6.0,1.0,0.7368421052631579,0.2972972972972973,0.45355191256830607,0.375,0.2826086956521739,0.4117647058823529,0.75,0.5507246376811594,0.2888235294117647,0.2568093385214008,0.4362934362934362,0.0,0.0,0.8709677419354839,0.2333333333333333,0.328125,0.6666666666666666,0.8721723518850991,1.0,0.0
0.02989157465433204,217.0,18.0,0.17602749183069205,2.0,1.0,1.0,1.0,1.0,2.0,1.0,1.0,1.0,1.0,2.0,0.5384615384615384,0.8888888888888888,3.0,1.0,1.0,0.21052631578947367,0.40540540540540543,0.36338797814207646,0.25,0.3695652173913043,0.058823529411764705,0.2,0.0,0.9411764705882353,0.6926070038910503,0.7413127413127415,0.0,0.0,0.8064516129032258,0.2333333333333333,0.0625,0.6666666666666666,0.8721723518850991,1.0,0.0
0.02989157465433204,118.0,18.0,0.17602749183069205,2.0,1.0,1.0,1.0,1.0,2.0,1.0,1.0,1.0,1.0,2.0,0.5384615384615384,0.1111111111111111,3.0,1.0,1.0,0.3157894736842105,0.40540540540540543,0.36338797814207646,0.125,0.3695652173913043,0.058823529411764705,0.125,0.0,0.9411764705882353,0.6926070038910503,0.7413127413127415,0.16666666666666666,0.0,0.8064516129032258,0.16666666666666666,0.0625,0.6666666666666666,0.8721723518850991,1.0,0.0
0.02979210186014125,218.0,20.0,0.177024684350214,2.0,1.0,1.0,1.0,1.0,2.0,2.0,1.0,1.0,2.0,1.0,0.9615384615384616,0.1111111111111111,1.0,2.0,1.0,0.10526315789473684,0.4864864864864865,0.45355191256830607,0.25,0.6086956521739131,0.5294117647058824,0.25,0.43478260869565216,0.8176470588235294,0.35019455252918286,0.5019305019305019,0.0,0.0,0.6451612903225806,0.5,0.15625,0.6666666666666666,0.7432675044883306,1.0,0.0
0.02979210186014125,219.0,20.0,0.177024684350214,2.0,1.0,1.0,1.0,1.0,2.0,2.0,1.0,1.0,2.0,1.0,0.9615384615384616,0.8888888888888888,1.0,2.0,1.0,0.10526315789473684,0.4864864864864865,0.36338797814207646,0.375,0.5,0.5294117647058824,0.25,0.43478260869565216,0.8176470588235294,0.35019455252918286,0.5019305019305019,0.0,0.0,0.8064516129032258,0.3333333333333333,0.15625,0.6666666666666666,0.7432675044883306,1.0,0.0
0.03009052024271362,220.0,17.0,0.17961738490097112,2.0,1.0,2.0,1.0,1.0,2.0,2.0,1.0,1.0,1.0,1.0,0.8461538461538461,0.1111111111111111,1.0,2.0,1.0,0.10526315789473684,0.5135135135135135,0.45355191256830607,0.5375000000000001,0.5,0.5882352941176471,0.25,0.0,0.7058823529411765,0.7392996108949416,0.694980694980695,0.25,0.0,0.8064516129032258,0.39999999999999997,0.0625,0.6666666666666666,0.8721723518850991,1.0,0.0
0.03009052024271362,221.0,17.0,0.17961738490097112,2.0,1.0,2.0,1.0,1.0,2.0,2.0,1.0,1.0,1.0,1.0,0.8461538461538461,0.8888888888888888,1.0,2.0,1.0,0.10526315789473684,0.5135135135135135,0.09016393442622951,0.36250000000000004,0.32608695652173914,1.0,0.25,0.10434782608695653,0.7058823529411765,0.7470817120622568,0.5444015444015445,0.125,0.0,0.8064516129032258,0.39999999999999997,0.0625,0.6666666666666666,0.8721723518850991,1.0,0.0
0.030936038993335323,208.0,4.0,0.20123345043953178,1.0,1.0,1.0,1.0,1.0,1.0,1.0,1.0,1.0,2.0,1.0,1.0,0.8888888888888888,1.0,1.0,0.0,0.8421052631578947,0.1891891891891892,0.18032786885245902,0.6875,0.9347826086956522,0.8823529411764706,0.125,0.5072463768115942,0.7941176470588235,0.29182879377431903,0.46332046332046334,0.0,0.0,0.8064516129032258,0.3333333333333333,0.375,0.6666666666666666,0.35906642728904853,1.0,0.0
0.030936038993335323,222.0,4.0,0.20123345043953178,1.0,1.0,1.0,1.0,1.0,1.0,1.0,1.0,1.0,2.0,1.0,1.0,0.1111111111111111,1.0,1.0,0.0,0.8421052631578947,0.1891891891891892,0.09016393442622951,0.625,0.5,0.7647058823529411,0.05,0.43478260869565216,0.7941176470588235,0.35019455252918286,0.5019305019305019,0.08333333333333333,0.0,0.8064516129032258,0.3333333333333333,0.375,0.6666666666666666,0.35906642728904853,1.0,0.0
0.034765741569680694,47.0,2.0,0.36908396361014373,1.0,1.0,1.0,1.0,1.0,1.0,1.0,1.0,1.0,1.0,4.0,0.0,0.1111111111111111,2.0,2.0,0.0,0.3157894736842105,0.21621621621621623,0.09016393442622951,0.1875,0.41304347826086957,0.5294117647058824,0.8,0.127536231884058,0.4858823529411765,0.5447470817120622,0.7181467181467183,0.0,0.0,0.9677419354838709,0.3333333333333333,0.375,0.6666666666666666,0.24308797127468573,1.0,0.0
0.03461653237839451,223.0,26.0,0.17900372796588068,2.0,1.0,1.0,1.0,1.0,1.0,2.0,1.0,1.0,1.0,2.0,0.5384615384615384,0.8888888888888888,1.0,1.0,0.0,0.3157894736842105,0.21621621621621623,0.273224043715847,0.5499999999999998,0.4782608695652174,0.11764705882352941,0.375,0.014492753623188406,0.8823529411764706,0.7198443579766536,0.694980694980695,0.041666666666666664,0.0,0.8387096774193549,0.3666666666666667,0.21875,0.6666666666666666,0.24308797127468573,1.0,0.0
0.03461653237839451,224.0,26.0,0.17900372796588068,2.0,1.0,1.0,1.0,1.0,1.0,2.0,1.0,1.0,1.0,2.0,0.5384615384615384,0.1111111111111111,1.0,1.0,0.0,0.3157894736842105,0.21621621621621623,0.18032786885245902,0.44999999999999996,0.5217391304347826,0.29411764705882354,0.35,0.0,0.8823529411764706,0.8365758754863812,0.5984555984555985,0.4166666666666667,0.0,0.8064516129032258,0.3,0.21875,0.6666666666666666,0.24308797127468573,1.0,0.0
0.0347160051725853,225.0,26.0,0.17900372796588068,2.0,1.0,1.0,1.0,1.0,1.0,2.0,1.0,1.0,1.0,2.0,0.5384615384615384,0.6666666666666666,1.0,1.0,0.0,0.2631578947368421,0.21621621621621623,0.09016393442622951,0.4750000000000001,0.5,0.29411764705882354,0.3,0.0,0.8823529411764706,0.8365758754863812,0.5984555984555985,0.4166666666666667,0.0,0.8064516129032258,0.3,0.21875,0.6666666666666666,0.24308797127468573,1.0,0.0
0.03461653237839451,226.0,18.0,0.17650307595538714,2.0,1.0,1.0,1.0,1.0,2.0,2.0,1.0,1.0,1.0,1.0,0.9615384615384616,0.1111111111111111,3.0,2.0,0.0,0.42105263157894735,0.1891891891891892,0.273224043715847,0.36250000000000004,0.391304347826087,0.7647058823529411,0.125,0.30434782608695654,0.4470588235294118,0.45136186770428016,0.5752895752895753,0.0,0.0,0.8064516129032258,0.3333333333333333,0.0625,0.6666666666666666,0.41903052064631974,1.0,0.0
0.03461653237839451,111.0,18.0,0.17650307595538714,2.0,1.0,1.0,1.0,1.0,2.0,2.0,1.0,1.0,1.0,1.0,0.9615384615384616,0.8888888888888888,3.0,2.0,0.0,0.42105263157894735,0.1891891891891892,0.09016393442622951,0.25,0.5,0.5294117647058824,0.0,0.22028985507246376,0.5294117647058824,0.517509727626459,0.6216216216216217,0.0,0.0,0.8064516129032258,0.3333333333333333,0.0625,0.6666666666666666,0.41903052064631974,1.0,0.0
0.0347160051725853,227.0,4.0,0.20124879186290903,2.0,1.0,1.0,1.0,1.0,1.0,2.0,1.0,1.0,2.0,1.0,1.0,0.1111111111111111,1.0,1.0,0.0,0.42105263157894735,0.21621621621621623,0.09016393442622951,0.5,0.5,0.5294117647058824,0.25,0.08985507246376812,0.7647058823529411,0.3891050583657587,0.9227799227799228,0.0,0.0,0.8064516129032258,0.43333333333333335,0.21875,0.6666666666666666,0.47863554757630167,1.0,0.0
0.0347160051725853,228.0,4.0,0.20124879186290903,2.0,1.0,1.0,1.0,1.0,1.0,2.0,1.0,1.0,2.0,1.0,1.0,0.8888888888888888,1.0,1.0,0.0,0.5263157894736842,0.21621621621621623,0.09016393442622951,0.4375,0.32608695652173914,0.5294117647058824,0.25,0.14782608695652172,0.7647058823529411,0.3735408560311284,0.861003861003861,0.0,0.0,0.8064516129032258,0.43333333333333335,0.21875,0.6666666666666666,0.24308797127468573,1.0,0.0
0.035611260320302394,229.0,17.0,0.1796634091711029,2.0,1.0,2.0,1.0,1.0,2.0,2.0,1.0,1.0,1.0,2.0,0.5384615384615384,0.0,3.0,2.0,0.0,0.15789473684210525,0.32432432432432434,0.273224043715847,0.5125000000000002,0.6739130434782609,0.11764705882352941,0.2,0.0,0.758235294117647,0.8365758754863812,0.5984555984555985,0.0,0.0,0.7741935483870968,0.26666666666666666,0.0625,0.6666666666666666,0.35906642728904853,1.0,0.0
0.035611260320302394,230.0,17.0,0.1796634091711029,2.0,1.0,2.0,1.0,1.0,2.0,2.0,1.0,1.0,1.0,2.0,0.5384615384615384,0.1111111111111111,3.0,2.0,0.0,0.15789473684210525,0.32432432432432434,0.09016393442622951,1.0,0.4782608695652174,0.11764705882352941,0.225,0.0,0.758235294117647,0.6653696498054474,0.7683397683397684,0.4166666666666667,0.0,0.8064516129032258,0.4166666666666667,0.0625,0.6666666666666666,0.35906642728904853,1.0,0.0
0.03531284193773003,231.0,21.0,0.18000092048540264,2.0,1.0,1.0,1.0,1.0,1.0,2.0,1.0,1.0,1.0,2.0,0.5384615384615384,0.1111111111111111,1.0,1.0,0.0,0.9473684210526315,0.21621621621621623,0.36338797814207646,0.7625000000000002,0.45652173913043476,0.29411764705882354,0.2,0.4173913043478261,0.7205882352941176,0.27626459143968873,0.5984555984555985,0.4166666666666667,0.0,0.9677419354838709,0.3,0.15625,0.6666666666666666,0.35906642728904853,1.0,0.0
0.03531284193773003,232.0,21.0,0.18000092048540264,2.0,1.0,1.0,1.0,1.0,1.0,2.0,1.0,1.0,1.0,2.0,0.5384615384615384,0.8888888888888888,1.0,1.0,0.0,0.9473684210526315,0.21621621621621623,0.18032786885245902,0.5,0.43478260869565216,0.5929411764705882,0.2,0.4608695652173913,0.7205882352941176,0.2140077821011673,0.6023166023166024,0.25,0.0,0.564516129032258,0.19999999999999998,0.15625,0.6666666666666666,0.35906642728904853,1.0,0.0
0.035611260320302394,233.0,17.0,0.1796634091711029,2.0,1.0,2.0,1.0,1.0,2.0,2.0,1.0,1.0,1.0,2.0,0.5384615384615384,0.8888888888888888,3.0,2.0,0.0,0.3157894736842105,0.32432432432432434,0.09016393442622951,0.5662500000000001,0.45652173913043476,0.5882352941176471,0.1,0.0,0.758235294117647,0.6926070038910503,0.7413127413127415,0.0,0.0,0.6451612903225806,0.26666666666666666,0.0625,0.6666666666666666,0.35906642728904853,1.0,0.0
0.03506415995225306,234.0,1.0,0.036804074682049,1.0,1.0,1.0,1.0,1.0,1.0,1.0,1.0,1.0,2.0,1.0,0.7307692307692307,0.1111111111111111,1.0,1.0,1.0,0.42105263157894735,0.16216216216216217,0.09016393442622951,0.375,0.45652173913043476,0.5294117647058824,0.0,0.42318840579710143,0.5294117647058824,0.29182879377431903,0.5752895752895753,0.0,0.0,0.8064516129032258,0.3333333333333333,0.1875,0.6666666666666666,0.35906642728904853,1.0,0.0
0.03511389634934845,235.0,18.0,0.1765184173787644,2.0,1.0,1.0,1.0,1.0,1.0,2.0,1.0,1.0,1.0,1.0,0.9615384615384616,0.1111111111111111,3.0,1.0,0.0,0.42105263157894735,0.1891891891891892,0.09016393442622951,0.25,0.391304347826087,0.7647058823529411,0.0,0.32463768115942027,0.5294117647058824,0.3891050583657587,0.6100386100386099,0.6666666666666666,0.0,0.8064516129032258,0.3333333333333333,0.21875,0.6666666666666666,0.35906642728904853,1.0,0.0
0.03511389634934845,121.0,18.0,0.1765184173787644,2.0,1.0,1.0,1.0,1.0,1.0,2.0,1.0,1.0,1.0,1.0,0.9615384615384616,0.8888888888888888,3.0,1.0,1.0,0.42105263157894735,0.1891891891891892,0.45355191256830607,0.25,0.391304347826087,0.7647058823529411,0.0,0.0,0.5294117647058824,0.696498054474708,0.7374517374517375,0.6666666666666666,0.0,0.9677419354838709,0.6666666666666666,0.21875,0.6666666666666666,0.35906642728904853,1.0,0.0
0.035014423555157666,236.0,4.0,0.2012641332862863,2.0,1.0,1.0,1.0,1.0,1.0,2.0,1.0,1.0,1.0,1.0,1.0,0.1111111111111111,1.0,4.0,0.0,0.42105263157894735,0.16216216216216217,0.45355191256830607,0.4750000000000001,0.45652173913043476,0.7647058823529411,0.5,0.0,0.8235294117647058,0.8365758754863812,0.5984555984555985,0.3333333333333333,0.0,0.8064516129032258,0.4666666666666666,0.21875,0.6666666666666666,0.35906642728904853,1.0,0.0
0.035014423555157666,180.0,4.0,0.2012641332862863,2.0,1.0,1.0,1.0,1.0,1.0,2.0,1.0,1.0,1.0,1.0,1.0,0.8888888888888888,1.0,4.0,0.0,0.42105263157894735,0.16216216216216217,0.09016393442622951,0.32499999999999996,0.3695652173913043,0.7647058823529411,0.3,0.6086956521739131,0.8235294117647058,0.2568093385214008,0.3629343629343629,0.3333333333333333,0.0,0.8064516129032258,0.3666666666666667,0.21875,0.6666666666666666,0.24308797127468573,1.0,0.0
0.039639908485029345,237.0,1.0,0.03685009895218078,1.0,1.0,1.0,1.0,1.0,1.0,1.0,1.0,1.0,1.0,1.0,0.7307692307692307,0.6666666666666666,1.0,1.0,0.0,0.42105263157894735,0.1891891891891892,0.6366120218579235,0.3500000000000001,0.32608695652173914,0.4117647058823529,0.0,0.0,0.5294117647058824,0.6926070038910503,0.7413127413127415,0.0,0.0,0.8064516129032258,0.3,0.1875,0.6666666666666666,0.5834829443447039,1.0,0.0
0.039639908485029345,223.0,46.0,0.2110519614009788,1.0,1.0,1.0,1.0,1.0,1.0,1.0,1.0,1.0,1.0,2.0,0.5,0.8888888888888888,1.0,6.0,0.0,0.5263157894736842,0.1891891891891892,0.273224043715847,0.5,0.6739130434782609,0.5294117647058824,0.325,0.3333333333333333,0.4411764705882353,0.43190661478599224,0.555984555984556,0.0,0.0,0.8064516129032258,0.3333333333333333,0.3125,0.6666666666666666,0.5834829443447039,1.0,0.0
0.039639908485029345,238.0,1.0,0.03685009895218078,1.0,1.0,1.0,1.0,1.0,1.0,1.0,1.0,1.0,1.0,1.0,0.7307692307692307,0.1111111111111111,1.0,1.0,0.0,0.5263157894736842,0.1891891891891892,0.5464480874316939,0.4375,0.34782608695652173,0.4117647058823529,0.0,0.10434782608695653,0.5294117647058824,0.7470817120622568,0.5482625482625484,0.0,0.0,0.8064516129032258,0.3,0.1875,0.6666666666666666,0.5834829443447039,1.0,0.0
0.03978911767631553,239.0,39.0,0.18337603362840005,1.0,1.0,1.0,1.0,1.0,1.0,1.0,1.0,1.0,1.0,2.0,0.5384615384615384,0.8888888888888888,3.0,1.0,0.0,0.3157894736842105,0.1891891891891892,0.09016393442622951,0.08749999999999991,0.5869565217391305,0.29411764705882354,0.3,0.0,0.5,0.8365758754863812,0.5984555984555985,0.0,0.0,0.8064516129032258,0.3,0.375,0.6666666666666666,0.35906642728904853,1.0,0.0
0.03978911767631553,82.0,47.0,0.0,1.0,1.0,1.0,1.0,1.0,1.0,1.0,1.0,1.0,1.0,1.0,0.7307692307692307,0.6666666666666666,1.0,1.0,0.0,0.3157894736842105,0.1891891891891892,0.45355191256830607,0.4375,0.15217391304347827,0.4117647058823529,0.0,0.30434782608695654,0.38235294117647056,0.45136186770428016,0.5752895752895753,0.0,0.0,0.6451612903225806,0.19999999999999998,0.375,0.6666666666666666,0.5834829443447039,1.0,0.0
0.03978911767631553,240.0,47.0,0.0,1.0,1.0,1.0,1.0,1.0,1.0,1.0,1.0,1.0,1.0,1.0,0.7307692307692307,0.1111111111111111,1.0,1.0,0.0,0.3157894736842105,0.1891891891891892,0.45355191256830607,0.5,0.45652173913043476,0.4117647058823529,0.0,0.0,0.38235294117647056,0.8365758754863812,0.5984555984555985,0.0,0.0,0.8064516129032258,0.3333333333333333,0.375,0.6666666666666666,0.5834829443447039,1.0,0.0
0.03978911767631553,241.0,48.0,0.0681466026417931,2.0,1.0,1.0,1.0,1.0,1.0,2.0,1.0,1.0,2.0,4.0,0.0,0.1111111111111111,2.0,1.0,0.0,0.14736842105263157,0.1891891891891892,0.18032786885245902,0.5,0.2826086956521739,0.4117647058823529,0.65,0.0,0.2647058823529412,0.7470817120622568,0.6872586872586872,0.0,0.0,0.9677419354838709,0.3333333333333333,0.1875,0.6666666666666666,0.35906642728904853,1.0,0.0
0.03978911767631553,242.0,48.0,0.0681466026417931,2.0,1.0,1.0,1.0,1.0,1.0,2.0,1.0,1.0,2.0,4.0,0.0,0.6666666666666666,2.0,1.0,0.0,0.14736842105263157,0.1891891891891892,0.18032786885245902,0.5,0.2826086956521739,0.4117647058823529,0.7,0.0,0.2647058823529412,0.8910505836575874,0.5444015444015445,0.0,0.0,0.9677419354838709,0.3333333333333333,0.1875,0.6666666666666666,0.35906642728904853,1.0,0.0
0.040087536058887895,243.0,49.0,0.16953806974211066,1.0,1.0,1.0,1.0,1.0,1.0,1.0,1.0,1.0,2.0,4.0,0.0,0.1111111111111111,2.0,1.0,0.0,0.42105263157894735,0.16216216216216217,0.273224043715847,0.1625000000000001,0.2826086956521739,0.5294117647058824,0.75,0.0,0.47058823529411764,0.7470817120622568,0.6872586872586872,0.0,0.0,0.9677419354838709,0.26666666666666666,0.3125,0.6666666666666666,1.0,1.0,0.0
0.040087536058887895,244.0,49.0,0.16953806974211066,1.0,1.0,1.0,1.0,1.0,1.0,1.0,1.0,1.0,2.0,4.0,0.0,0.6666666666666666,2.0,1.0,0.0,0.42105263157894735,0.16216216216216217,0.273224043715847,0.1625000000000001,0.2826086956521739,0.5294117647058824,0.75,0.0,0.47058823529411764,0.8910505836575874,0.5444015444015445,0.0,0.0,0.9677419354838709,0.2333333333333333,0.3125,0.6666666666666666,1.0,1.0,0.0
0.03978911767631553,239.0,39.0,0.18337603362840005,1.0,1.0,1.0,1.0,1.0,1.0,1.0,1.0,1.0,2.0,2.0,0.5384615384615384,0.8888888888888888,3.0,1.0,0.0,0.21052631578947367,0.1891891891891892,0.09016393442622951,0.4375,0.5,0.7647058823529411,0.15,0.0,0.5294117647058824,0.8365758754863812,0.5984555984555985,0.25,0.0,0.8064516129032258,0.6666666666666666,0.375,0.6666666666666666,0.35906642728904853,1.0,0.0
0.04028648164726947,245.0,1.0,0.03688078179893531,1.0,1.0,1.0,1.0,1.0,1.0,1.0,1.0,1.0,1.0,1.0,0.7307692307692307,0.1111111111111111,1.0,1.0,0.0,0.8421052631578947,0.40540540540540543,0.09016393442622951,0.38749999999999996,0.391304347826087,0.4117647058823529,0.0,0.5507246376811594,0.5294117647058824,0.2568093385214008,0.4401544401544401,0.0,0.0,0.8709677419354839,0.19999999999999998,0.1875,0.6666666666666666,0.7436265709156193,1.0,0.0
0.03993832686760171,246.0,1.0,0.03686544037555804,1.0,1.0,1.0,1.0,1.0,1.0,1.0,1.0,1.0,1.0,1.0,0.7307692307692307,0.6666666666666666,1.0,1.0,0.0,0.631578947368421,0.13513513513513514,0.36338797814207646,0.38749999999999996,0.2608695652173913,0.4117647058823529,0.0,0.5652173913043478,0.3235294117647059,0.1245136186770429,0.552123552123552,0.0,0.0,0.8064516129032258,0.3,0.1875,0.6666666666666666,0.590664272890485,1.0,0.0
0.03993832686760171,247.0,18.0,0.17654910022551892,2.0,1.0,1.0,1.0,1.0,2.0,2.0,1.0,1.0,1.0,2.0,0.5384615384615384,0.8888888888888888,3.0,2.0,0.0,0.2631578947368421,0.13513513513513514,0.09016393442622951,0.25,0.5,0.058823529411764705,0.1,0.0,0.8823529411764706,0.6926070038910503,0.7413127413127415,0.16666666666666666,0.0,0.8064516129032258,0.26666666666666666,0.0625,0.6666666666666666,0.590664272890485,1.0,0.0
0.04023674525017408,248.0,18.0,0.17654910022551892,2.0,1.0,1.0,1.0,1.0,2.0,2.0,1.0,1.0,1.0,2.0,0.5384615384615384,0.1111111111111111,3.0,2.0,0.0,0.2631578947368421,0.40540540540540543,0.09016393442622951,0.4375,0.8260869565217391,0.4117647058823529,0.15,0.0,0.8529411764705882,0.8365758754863812,0.5984555984555985,0.08333333333333333,0.0,0.8387096774193549,0.19999999999999998,0.0625,0.6666666666666666,0.590664272890485,1.0,0.0
0.0400377996617925,211.0,18.0,0.17654910022551892,2.0,1.0,1.0,1.0,1.0,2.0,2.0,1.0,1.0,1.0,2.0,0.5384615384615384,0.1111111111111111,3.0,2.0,0.0,0.2631578947368421,0.16216216216216217,0.09016393442622951,0.375,0.5,0.29411764705882354,0.25,0.0,0.8811764705882353,0.6926070038910503,0.7413127413127415,0.75,0.0,0.8064516129032258,0.2333333333333333,0.0625,0.6666666666666666,0.590664272890485,1.0,0.0
0.039888590470506316,249.0,20.0,0.1770707086203458,2.0,1.0,1.0,1.0,1.0,2.0,2.0,1.0,1.0,1.0,1.0,0.9615384615384616,0.8888888888888888,1.0,2.0,0.0,0.5263157894736842,0.13513513513513514,0.36338797814207646,0.375,0.32608695652173914,0.5294117647058824,0.25,0.0,0.7841176470588235,0.6926070038910503,0.7413127413127415,0.6666666666666666,0.0,0.48387096774193544,0.3333333333333333,0.15625,0.6666666666666666,0.590664272890485,1.0,0.0
0.039888590470506316,250.0,20.0,0.1770707086203458,2.0,1.0,1.0,1.0,1.0,2.0,2.0,1.0,1.0,1.0,1.0,0.9615384615384616,0.1111111111111111,1.0,2.0,0.0,0.5263157894736842,0.13513513513513514,0.18032786885245902,0.375,0.6739130434782609,0.5294117647058824,0.25,0.0,0.7841176470588235,0.6926070038910503,0.7413127413127415,0.6666666666666666,0.0,0.9677419354838709,0.3333333333333333,0.15625,0.6666666666666666,0.590664272890485,1.0,0.0
0.0400377996617925,251.0,37.0,0.17865087522820366,2.0,1.0,1.0,1.0,1.0,2.0,2.0,1.0,1.0,1.0,1.0,1.0,0.1111111111111111,1.0,2.0,0.0,0.42105263157894735,0.16216216216216217,0.09016393442622951,0.5125000000000002,0.3695652173913043,0.7647058823529411,0.25,0.0,0.5294117647058824,0.8365758754863812,0.5984555984555985,0.08333333333333333,0.0,0.8064516129032258,0.39999999999999997,0.0625,0.6666666666666666,0.590664272890485,1.0,0.0
0.0400377996617925,252.0,37.0,0.17865087522820366,2.0,1.0,1.0,1.0,1.0,2.0,2.0,1.0,1.0,1.0,1.0,1.0,0.8888888888888888,1.0,2.0,0.0,0.5263157894736842,0.16216216216216217,0.09016393442622951,0.4624999999999999,0.5,0.7647058823529411,0.575,0.0,0.5294117647058824,0.8365758754863812,0.5984555984555985,0.08333333333333333,0.0,0.8064516129032258,0.5,0.0625,0.6666666666666666,0.590664272890485,1.0,0.0
0.04023674525017408,253.0,37.0,0.17866621665158094,2.0,1.0,1.0,1.0,1.0,2.0,2.0,1.0,1.0,1.0,1.0,0.8461538461538461,0.1111111111111111,1.0,2.0,0.0,0.10526315789473684,0.16216216216216217,0.45355191256830607,0.4375,0.3695652173913043,0.5882352941176471,0.25,0.07246376811594203,0.5882352941176471,0.6614785992217899,0.6756756756756757,0.375,0.0,0.6129032258064515,0.43333333333333335,0.0625,0.6666666666666666,0.8718132854578099,1.0,0.0
0.04023674525017408,254.0,33.0,0.19141493947808477,1.0,1.0,1.0,1.0,1.0,1.0,1.0,1.0,1.0,1.0,2.0,0.5,0.1111111111111111,2.0,1.0,0.0,0.3157894736842105,0.16216216216216217,0.273224043715847,0.4375,0.41304347826086957,0.5294117647058824,0.2,0.10434782608695653,0.5,0.7470817120622568,0.5444015444015445,0.3333333333333333,0.0,0.9677419354838709,0.3333333333333333,0.375,0.6666666666666666,1.0,1.0,0.0
0.5182532577340098,255.0,6.0,0.21405888038292192,1.0,1.0,1.0,1.0,1.0,1.0,1.0,1.0,1.0,1.0,4.0,0.0,0.6666666666666666,2.0,1.0,0.0,0.7368421052631579,0.6756756756756757,0.18032786885245902,0.375,0.5,0.5294117647058824,0.9,0.41449275362318844,0.2823529411764706,0.2568093385214008,0.6216216216216217,0.0,0.0,0.9677419354838709,0.3333333333333333,0.3125,0.6666666666666666,0.5888689407540398,1.0,0.0
0.5124340992738486,256.0,50.0,0.026571345289415953,2.0,1.0,1.0,1.0,1.0,1.0,2.0,1.0,1.0,1.0,2.0,0.5384615384615384,0.8888888888888888,2.0,1.0,1.0,0.47368421052631576,0.8108108108108109,0.09016393442622951,0.25,0.5,0.29411764705882354,0.175,0.3333333333333333,0.4852941176470588,0.43190661478599224,0.555984555984556,0.25,0.0,0.9677419354838709,0.3,0.1875,0.6666666666666666,0.4712746858168762,1.0,0.0
0.5170098478066248,257.0,4.0,0.21973520703250848,2.0,1.0,1.0,1.0,1.0,1.0,2.0,1.0,1.0,2.0,2.0,0.5384615384615384,0.1111111111111111,1.0,1.0,0.0,0.3157894736842105,0.6216216216216216,0.09016393442622951,0.4375,0.5869565217391305,0.17647058823529413,0.125,0.2608695652173913,0.6470588235294118,0.45914396887159514,0.6254826254826257,0.4166666666666667,0.0,0.9677419354838709,0.3666666666666667,0.21875,0.6666666666666666,0.4712746858168762,1.0,0.0
0.5170098478066248,258.0,4.0,0.21973520703250848,2.0,1.0,1.0,1.0,1.0,1.0,2.0,1.0,1.0,1.0,2.0,0.5384615384615384,0.8888888888888888,1.0,1.0,0.0,0.3157894736842105,0.6216216216216216,0.273224043715847,0.375,0.5,0.0,0.25,0.0927536231884058,0.6470588235294118,0.49805447470817105,0.8108108108108109,0.0,0.0,0.8064516129032258,0.3333333333333333,0.21875,0.6666666666666666,0.4712746858168762,1.0,0.0
0.5124340992738486,24.0,50.0,0.026571345289415953,2.0,1.0,1.0,1.0,1.0,1.0,2.0,1.0,1.0,1.0,2.0,0.5384615384615384,0.1111111111111111,2.0,1.0,1.0,0.47368421052631576,0.8108108108108109,0.09016393442622951,0.4624999999999999,0.6521739130434783,0.058823529411764705,0.25,0.16231884057971013,0.4852941176470588,0.5680933852140078,0.6525096525096525,0.25,0.0,0.9677419354838709,0.2833333333333333,0.1875,0.6666666666666666,0.4712746858168762,1.0,0.0
0.5127822540535164,118.0,18.0,1.0,2.0,1.0,1.0,1.0,1.0,2.0,2.0,1.0,1.0,1.0,2.0,0.5384615384615384,0.8888888888888888,3.0,1.0,0.0,0.3157894736842105,0.7297297297297297,0.09016393442622951,0.2124999999999999,0.7391304347826086,0.17647058823529413,0.3,0.16231884057971013,0.8235294117647058,0.5680933852140078,0.6525096525096525,0.16666666666666666,0.0,0.8064516129032258,0.3333333333333333,0.15625,0.6666666666666666,0.35906642728904853,1.0,0.0
0.5127822540535164,259.0,18.0,1.0,2.0,1.0,1.0,1.0,1.0,2.0,2.0,1.0,1.0,1.0,2.0,0.5384615384615384,0.1111111111111111,3.0,1.0,0.0,0.3157894736842105,0.7297297297297297,0.09016393442622951,0.36250000000000004,0.5,0.29411764705882354,0.2,0.09855072463768115,0.8252941176470588,0.6147859922178986,0.6872586872586872,0.16666666666666666,0.0,0.8064516129032258,0.19999999999999998,0.15625,0.6666666666666666,0.35906642728904853,1.0,0.0
0.5131801452302795,260.0,20.0,0.21683567801420617,2.0,1.0,1.0,1.0,1.0,2.0,2.0,1.0,1.0,1.0,1.0,0.7307692307692307,0.1111111111111111,1.0,1.0,1.0,0.42105263157894735,0.6216216216216216,0.09016393442622951,0.375,0.391304347826087,0.4117647058823529,0.0,0.30434782608695654,0.7058823529411765,0.45136186770428016,0.5714285714285714,0.0,0.0,0.8064516129032258,0.2333333333333333,0.15625,0.6666666666666666,0.4712746858168762,1.0,0.0
0.5131801452302795,16.0,20.0,0.21683567801420617,2.0,1.0,1.0,1.0,1.0,2.0,2.0,1.0,1.0,1.0,1.0,0.7307692307692307,0.6666666666666666,1.0,1.0,1.0,0.42105263157894735,0.6216216216216216,0.09016393442622951,0.375,0.32608695652173914,0.4117647058823529,0.125,0.30434782608695654,0.7058823529411765,0.45136186770428016,0.5714285714285714,0.4166666666666667,0.0,0.8064516129032258,0.26666666666666666,0.15625,0.6666666666666666,0.4712746858168762,1.0,0.0
0.5127325176564209,195.0,1.0,0.038077412822361656,1.0,1.0,1.0,1.0,1.0,1.0,1.0,1.0,1.0,1.0,1.0,0.7307692307692307,0.6666666666666666,1.0,1.0,0.0,0.35789473684210527,0.6216216216216216,0.18032786885245902,0.5,0.45652173913043476,0.29411764705882354,0.125,0.0,0.5294117647058824,0.6926070038910503,0.7413127413127415,0.4166666666666667,0.0,0.8064516129032258,0.3333333333333333,0.1875,0.6666666666666666,0.4712746858168762,1.0,0.0
0.5329254948771511,261.0,24.0,0.22892471963548777,2.0,1.0,1.0,1.0,1.0,1.0,2.0,1.0,1.0,1.0,4.0,0.0,0.1111111111111111,2.0,1.0,0.0,0.05263157894736842,0.16216216216216217,0.273224043715847,0.6974999999999998,0.5,0.5294117647058824,0.75,0.09855072463768115,0.34705882352941175,0.6147859922178986,0.6872586872586872,0.0,0.0,0.9677419354838709,0.3333333333333333,0.21875,0.6666666666666666,0.4712746858168762,1.0,0.0
0.5329254948771511,262.0,24.0,0.22892471963548777,2.0,1.0,1.0,1.0,1.0,1.0,2.0,1.0,1.0,1.0,4.0,0.0,0.6666666666666666,2.0,1.0,1.0,0.21052631578947367,0.16216216216216217,0.273224043715847,0.5825,0.45652173913043476,0.5294117647058824,0.75,0.22028985507246376,0.34705882352941175,0.517509727626459,0.6177606177606177,0.0,0.0,0.9677419354838709,0.3333333333333333,0.21875,0.6666666666666666,0.5996409335727112,1.0,0.0
0.5182532577340098,263.0,6.0,0.21405888038292192,1.0,1.0,1.0,1.0,1.0,1.0,1.0,1.0,1.0,1.0,4.0,0.0,0.1111111111111111,2.0,1.0,0.0,0.7368421052631579,0.6756756756756757,0.09016393442622951,0.375,0.5,0.5294117647058824,0.75,0.30144927536231886,0.2823529411764706,0.24124513618677051,0.7915057915057916,0.0,0.0,0.9677419354838709,0.3333333333333333,0.3125,0.6666666666666666,0.5924596050269301,1.0,0.0
0.5171590569979111,264.0,50.0,0.026571345289415953,2.0,1.0,1.0,1.0,1.0,1.0,2.0,1.0,1.0,1.0,4.0,0.0,0.1111111111111111,2.0,1.0,0.0,0.3157894736842105,0.6756756756756757,0.09016393442622951,0.375,0.5,0.4117647058823529,0.75,0.0,0.29411764705882354,0.6926070038910503,0.7413127413127415,0.0,0.0,0.9677419354838709,0.19999999999999998,0.1875,0.6666666666666666,0.47037701974865337,1.0,0.0
0.5171590569979111,265.0,50.0,0.026571345289415953,2.0,1.0,1.0,1.0,1.0,1.0,2.0,1.0,1.0,1.0,4.0,0.0,0.6666666666666666,2.0,1.0,0.0,0.3157894736842105,0.6756756756756757,0.09016393442622951,0.375,0.5,0.4117647058823529,0.75,0.19130434782608693,0.29411764705882354,0.5408560311284045,0.6370656370656371,0.5,0.0,0.9677419354838709,0.3666666666666667,0.1875,0.6666666666666666,0.47037701974865337,1.0,0.0
0.517656420968865,266.0,39.0,0.1914763051715938,1.0,1.0,1.0,1.0,1.0,1.0,1.0,1.0,1.0,1.0,4.0,0.0,0.1111111111111111,3.0,1.0,0.0,0.42105263157894735,0.6216216216216216,0.09016393442622951,0.625,0.32608695652173914,0.5294117647058824,0.25,0.0927536231884058,0.3352941176470588,0.49805447470817105,0.8108108108108109,0.0,0.0,0.9677419354838709,0.3333333333333333,0.1875,0.6666666666666666,0.35906642728904853,1.0,0.0
0.5219337511190689,267.0,17.0,0.19676909623674885,2.0,1.0,2.0,1.0,1.0,2.0,2.0,1.0,1.0,2.0,1.0,0.8461538461538461,0.1111111111111111,1.0,1.0,0.0,0.3157894736842105,0.7297297297297297,0.36338797814207646,0.5125000000000002,0.5434782608695652,0.587764705882353,0.25,0.16521739130434784,0.5294117647058824,0.6147859922178986,0.5984555984555985,0.8333333333333334,0.0,0.2258064516129032,0.16666666666666666,0.0625,0.6666666666666666,0.5924596050269301,1.0,0.0
0.5219337511190689,63.0,17.0,0.19676909623674885,2.0,1.0,2.0,1.0,1.0,2.0,2.0,1.0,1.0,2.0,1.0,0.8461538461538461,0.8888888888888888,1.0,1.0,1.0,0.3157894736842105,0.7297297297297297,0.18032786885245902,0.5125000000000002,0.45652173913043476,0.35294117647058826,0.125,0.15942028985507245,0.5294117647058824,0.5447470817120622,0.6756756756756757,0.0,0.0,0.5161290322580645,0.5,0.0625,0.6666666666666666,0.4750448833034114,1.0,0.0
0.5132796180244703,268.0,11.0,0.22183698203519323,2.0,1.0,1.0,1.0,1.0,2.0,2.0,1.0,1.0,1.0,1.0,0.8461538461538461,0.8888888888888888,1.0,1.0,0.0,0.42105263157894735,0.5945945945945946,0.18032786885245902,0.375,0.6739130434782609,0.35294117647058826,0.25,0.30144927536231886,0.5882352941176471,0.43190661478599224,0.5984555984555985,0.0,0.0,0.8064516129032258,0.6,0.0625,0.6666666666666666,0.35906642728904853,1.0,0.0
0.5177061573659604,269.0,11.0,0.22191368915207954,2.0,1.0,1.0,1.0,1.0,2.0,2.0,1.0,1.0,1.0,1.0,0.8461538461538461,0.1111111111111111,1.0,1.0,1.0,0.3157894736842105,0.6486486486486487,0.36338797814207646,0.5499999999999998,0.6086956521739131,0.5882352941176471,0.25,0.0,0.5882352941176471,0.6926070038910503,0.7413127413127415,0.8333333333333334,0.0,0.6451612903225806,0.26666666666666666,0.0625,0.6666666666666666,0.24703770197486524,1.0,0.0
0.5133293544215657,15.0,5.0,0.19503551539511835,2.0,1.0,1.0,1.0,1.0,2.0,2.0,1.0,1.0,1.0,1.0,1.0,0.1111111111111111,1.0,1.0,0.0,0.21052631578947367,0.6486486486486487,0.09016393442622951,0.5125000000000002,0.5434782608695652,0.5294117647058824,0.2,0.0,0.9411764705882353,0.6926070038910503,0.7413127413127415,0.0,0.0,0.8064516129032258,0.43333333333333335,0.0625,0.6666666666666666,0.35906642728904853,1.0,0.0
0.5133293544215657,167.0,5.0,0.19503551539511835,2.0,1.0,1.0,1.0,1.0,2.0,2.0,1.0,1.0,1.0,1.0,1.0,0.8888888888888888,1.0,1.0,0.0,0.21052631578947367,0.6486486486486487,0.09016393442622951,0.5125000000000002,0.5869565217391305,0.5294117647058824,0.25,0.0,0.9411764705882353,0.5447470817120622,0.888030888030888,0.0,0.0,0.8064516129032258,0.3666666666666667,0.0625,0.6666666666666666,0.35906642728904853,1.0,0.0
1.0,270.0,17.0,0.17041253087461455,2.0,1.0,1.0,1.0,1.0,2.0,2.0,1.0,1.0,1.0,1.0,0.8461538461538461,1.0,1.0,1.0,1.0,0.3157894736842105,0.4594594594594595,0.09016393442622951,0.1875,0.6086956521739131,0.5294117647058824,0.25,0.0,0.5882352941176471,0.6926070038910503,0.7413127413127415,0.0,0.0,0.0,0.0,0.0625,0.6666666666666666,0.15798922800718157,1.0,1.0
